Headline,Article Text,URL,Source,Publication Date
"ਅਨੋਖਾ ਰਿਕਾਰਡ! ਪਟਿਆਲਾ ਪਹੁੰਚਣ ਵਾਲੇ 5ਵੇਂ PM ਬਣੇ ਮੋਦੀ, ਜਾਣੋ ਇਸਤੋਂ ਪਹਿਲਾਂ ਕਿਸ-ਕਿਸ ਨੇ ਕੀਤਾ ਦੌਰਾ","Modi became 5th Indian PM to reach Patiala:ਪ੍ਰਧਾਨ ਮੰਤਰੀ ਨਰਿੰਦਰ ਮੋਦੀ (PM Narendra Modi) ਨੇ ਵੀਰਵਾਰ ਨੂੰ ਪੰਜਾਬ ਦੇ ਪਟਿਆਲਾ 'ਚ ਲੋਕ ਸਭਾ ਚੋਣਾਂ 2024 (Lok Sabha Election 2024) ਦੇ ਮੱਦੇਨਜ਼ਰ ਭਾਜਪਾ (BJP) ਲਈ ਚੋਣ ਪ੍ਰਚਾਰ ਕੀਤਾ। ਇਸ ਦੌਰਾਨ ਜਿਵੇਂ ਹੀ ਉਹ ਪਟਿਆਲਾ ਲੋਕ ਸਭਾ ਹਲਕੇ ਦਾ ਦੌਰਾ ਕਰਨ ਪਹੁੰਚੇ ਤਾਂ ਉਨ੍ਹਾਂ ਦੇ ਨਾਂ ਇੱਕ ਅਨੋਖਾ ਰਿਕਾਰਡ ਜੁੜ ਗਿਆ। ਮੋਦੀ, ਪਟਿਆਲਾ (Patiala Lok Sabha) ਪਹੁੰਚਣ ਵਾਲੇ ਭਾਰਤ ਦੇ 5ਵੇਂ ਪ੍ਰਧਾਨ ਮੰਤਰੀ ਬਣ ਗਏ।ਇਸ ਤੋਂ ਪਹਿਲਾਂ ਸਾਬਕਾ ਪ੍ਰਧਾਨ ਮੰਤਰੀ ਪੰਡਿਤ ਜਵਾਹਰ ਲਾਲ ਨਹਿਰੂ, ਇੰਦਰਾ ਗਾਂਧੀ, ਰਾਜੀਵ ਗਾਂਧੀ ਅਤੇ ਅਟਲ ਬਿਹਾਰੀ ਵਾਜਪਾਈ ਨੇ ਆਪਣੇ ਕਾਰਜਕਾਲ ਦੌਰਾਨ ਵੱਖ-ਵੱਖ ਕਾਰਨਾਂ ਕਰਕੇ ਸ਼ਾਹੀ ਸ਼ਹਿਰ ਦਾ ਦੌਰਾ ਕੀਤਾ ਸੀ। ਇਨ੍ਹਾਂ ਵਿੱਚੋਂ ਤਿੰਨ ਸਾਬਕਾ ਪ੍ਰਧਾਨ ਮੰਤਰੀਆਂ ਵਿੱਚ ਪੰਡਿਤ ਜਵਾਹਰ ਲਾਲ ਨਹਿਰੂ, ਇੰਦਰਾ ਗਾਂਧੀ ਅਤੇ ਰਾਜੀਵ ਗਾਂਧੀ, ਇੰਡੀਅਨ ਨੈਸ਼ਨਲ ਕਾਂਗਰਸ ਤੋਂ ਸਨ, ਜੋ ਵਿਕਾਸ ਪ੍ਰੋਜੈਕਟਾਂ ਦਾ ਉਦਘਾਟਨ ਕਰਨ ਲਈ ਪਟਿਆਲਾ ਆਏ ਸਨ। ਜਦਕਿ ਦੋ ਪ੍ਰਧਾਨ ਮੰਤਰੀ ਅਟਲ ਬਿਹਾਰੀ ਵਾਜਪਾਈ ਅਤੇ ਨਰਿੰਦਰ ਮੋਦੀ, ਭਾਜਪਾ ਤੋਂ ਰਾਜਨੀਤਿਕ ਅਤੇ ਚੋਣ ਰੈਲੀਆਂ ਨੂੰ ਸੰਬੋਧਨ ਕਰਨ ਲਈ ਆਏ।ਪੰਡਿਤ ਜਵਾਹਰ ਲਾਲ ਨਹਿਰੂ, ਭਾਰਤ ਦੇ ਪਹਿਲੇ ਪ੍ਰਧਾਨ ਮੰਤਰੀ ਹਨ, ਜਿਨ੍ਹਾਂ ਨੇ 1950 ਅਤੇ 1960 ਦੇ ਦਹਾਕੇ ਦੌਰਾਨ ਕਈ ਪ੍ਰੋਜੈਕਟਾਂ ਦਾ ਉਦਘਾਟਨ ਕਰਨ ਲਈ ਪਟਿਆਲਾ ਦਾ ਦੌਰਾ ਕੀਤਾ, ਜਦੋਂ ਪਟਿਆਲਾ ਪੈਪਸੂ ਦੀ ਰਾਜਧਾਨੀ ਸੀ। ਇਸਤੋਂ ਇਲਾਵਾ ਪ੍ਰਧਾਨ ਮੰਤਰੀ ਇੰਦਰਾ ਗਾਂਧੀ ਨੇ 1982 ਵਿੱਚ ਕਪੂਰੀ ਪਿੰਡ ਵਿੱਚ ਸਤਲੁਜ ਯਮੁਨਾ ਲਿੰਕ (SYL) ਨਹਿਰ ਦਾ ਨੀਂਹ ਪੱਥਰ ਰੱਖਣ ਲਈ ਪਟਿਆਲਾ ਦਾ ਦੌਰਾ ਕੀਤਾ। ਕਾਂਗਰਸ ਦੇ ਹੀ ਰਾਜੀਵ ਗਾਂਧੀ ਨੇ ਨਵੰਬਰ 1985 ਵਿੱਚ ਸ਼ੀਸ਼ ਮਹਿਲ ਵਿਖੇ ਉੱਤਰੀ ਜ਼ੋਨ ਕਲਚਰਲ ਸੈਂਟਰ (NZCC) ਦੇ ਖੇਤਰੀ ਦਫ਼ਤਰ ਦਾ ਉਦਘਾਟਨ ਵੀ ਕੀਤਾ ਸੀ।ਭਾਜਪਾ ਦੇ ਸਾਬਕਾ ਪ੍ਰਧਾਨ ਮੰਤਰੀ ਮਰਹੂਮ ਅਟਲ ਬਿਹਾਰੀ ਵਾਜਪਾਈ ਨੇ 2004 ਵਿੱਚ ਸ਼੍ਰੋਮਣੀ ਅਕਾਲੀ ਦਲ (ਅਕਾਲੀ ਦਲ) ਅਤੇ ਭਾਜਪਾ ਗਠਜੋੜ ਦੇ ਸਾਂਝੇ ਉਮੀਦਵਾਰ ਕੈਪਟਨ ਕੰਵਲਜੀਤ ਸਿੰਘ ਦੇ ਸਮਰਥਨ ਵਿੱਚ ਇੱਕ ਚੋਣ ਰੈਲੀ ਨੂੰ ਸੰਬੋਧਨ ਕਰਨ ਲਈ ਪਟਿਆਲਾ ਦਾ ਦੌਰਾ ਕੀਤਾ ਸੀ। ਪੋਲੋ ਗਰਾਊਂਡ 'ਚ ਹੋਈ ਇਹ ਰੈਲੀ ਵਾਜਪਾਈ ਦੀ ਕਾਂਗਰਸ ਉਮੀਦਵਾਰ ਪ੍ਰਨੀਤ ਕੌਰ ਦੇ ਖਿਲਾਫ ਪ੍ਰਚਾਰ ਦਾ ਹਿੱਸਾ ਸੀ। ਹਾਲਾਂਕਿ ਸਮਰਥਨ ਦੇ ਬਾਵਜੂਦ ਕੈਪਟਨ ਕੰਵਲਜੀਤ ਸਿੰਘ, ਪ੍ਰਨੀਤ ਕੌਰ ਤੋਂ ਚੋਣ ਹਾਰ ਗਏ।20 ਸਾਲ ਬਾਅਦ ਇੱਕ ਵਾਰ ਫਿਰ ਭਾਜਪਾ ਦਾ ਪ੍ਰਧਾਨ ਮੰਤਰੀਹੁਣ 20 ਸਾਲਾਂ ਬਾਅਦ ਇੱਕ ਹੋਰ ਭਾਜਪਾ ਪ੍ਰਧਾਨ ਮੰਤਰੀ ਪਟਿਆਲਾ ਵਿਖੇ ਚੋਣ ਰੈਲੀ ਨੂੰ ਸੰਬੋਧਨ ਕਰਨ ਆ ਰਿਹਾ ਹੈ। ਪ੍ਰਧਾਨ ਮੰਤਰੀ ਨਰਿੰਦਰ ਮੋਦੀ ਉਸੇ ਪੋਲੋ ਗਰਾਊਂਡ ਵਾਲੀ ਥਾਂ 'ਤੇ ਬੋਲਣਗੇ, ਜਿੱਥੇ ਵਾਜਪਾਈ ਨੇ ਪਹਿਲਾਂ ਪ੍ਰਚਾਰ ਕੀਤਾ ਸੀ। ਦਿਲਚਸਪ ਗੱਲ ਇਹ ਹੈ ਕਿ ਇਸ ਵਾਰ ਪਾਰਟੀ ਦੀ ਉਮੀਦਵਾਰ ਪ੍ਰਨੀਤ ਕੌਰ ਹੈ, ਜੋ 2004 ਵਿੱਚ ਵਾਜਪਾਈ ਦੀ ਰੈਲੀ ਦੌਰਾਨ ਵਿਰੋਧੀ ਉਮੀਦਵਾਰ ਸੀ।- PTC NEWSJoin Whatsapp Channel",https://www.ptcnews.tv/news-in-punjabi/narendra-modi-became-5th-indian-pm-to-reach-patiala-know-who-visited-before-this-4390988,Punjabi Tribune,Edited by:KRISHAN KUMAR SHARMA
"ਫ਼ਤਿਹ ਨੰਗਲ ਦੇ ਲੋਕਾਂ ਦਾ ਫੈਸਲਾ, ਕਾਂਗਰਸੀ ਉਮੀਦਵਾਰ ਰੰਧਾਵਾ ਦਾ ਨਹੀਂ ਲੱਗਣ ਦੇਵਾਂਗੇ ਬੂਥ, ਨਾ ਹੀ ਪਾਵਾਂਗੇ ਵੋਟਾਂ","Gurdaspur Lok Sabha:ਗੁਰਦਾਸਪੁਰ ਦੇ ਪਿੰਡ ਫਤਿਹ ਨੰਗਲ ਦੇ ਲੋਕਾਂ ਨੇ ਇੱਕ ਵੱਡਾ ਐਲਾਨ ਕੀਤਾ ਹੈ ਅਤੇ ਪਿੰਡ ਵਾਸੀਆਂ ਨੇ ਇਹ ਫੈਸਲਾ ਲਿਆ ਹੈ ਕਿ ਕਾਂਗਰਸ (Congress) ਦੇ ਗੁਰਦਾਸਪੁਰ ਤੋਂ ਉਮੀਦਵਾਰ ਸੁਖਜਿੰਦਰ ਸਿੰਘ ਰੰਧਾਵਾ (Sukhjinder Singh Randhawa) ਨੂੰ ਨਾ ਹੀ ਸਾਡੇ ਪਿੰਡ ਵਿੱਚੋਂ ਕੋਈ ਵੋਟ ਪਾਵੇਗਾ ਅਤੇ ਨਾ ਹੀ ਪਿੰਡ ਫਤਿਹ ਨੰਗਲ ਵਿਖੇ ਸੁਖਜਿੰਦਰ ਰੰਧਾਵਾ ਦਾ ਬੂਥ ਲੱਗਣ ਦਿੱਤਾ ਜਾਵੇਗਾ। ਪਿੰਡ ਵਾਸੀਆਂ ਨੇ ਕਿਹਾ ਕਿ ਸਾਡੇ ਪਿੰਡ ਗੰਦਾ ਪਾਣੀ ਇਕੱਠਾ ਹੋ ਗਿਆ ਸੀ, ਜਿਸ ਨੂੰ ਬੀਡੀਪੀਓ ਧਾਰੀਵਾਲ ਵੱਲੋਂ ਕਢਵਾਉਣ ਲਈ ਟੈਂਕਰ ਲਗਾਏ ਗਏ ਸਨ ਲੇਕਿਨ ਸੁਖਜਿੰਦਰ ਰੰਧਾਵਾ ਵੱਲੋਂ ਚੋਣ ਕਮਿਸ਼ਨ ਨੂੰ ਚਿੱਠੀ ਲਿਖ ਕੇ ਇਹ ਕੰਮ ਬੰਦ ਕਰਵਾਇਆ ਗਿਆ।ਜਾਣਕਾਰੀ ਦਿੰਦੇ ਹੋਏ ਪਿੰਡ ਵਾਸੀਆਂ ਨੇ ਕਿਹਾ ਕਿ ਸਾਡੇ ਘਰਾਂ ਦਾ ਗੰਦਾ ਪਾਣੀ ਰੇਲਵੇ ਲਾਈਨ ਤੋਂ ਹੁੰਦਾ ਹੋਇਆ ਇੱਕ ਛੱਪੜ ਵਿੱਚ ਜਾਂਦਾ ਸੀ। ਉਨ੍ਹਾਂ ਨੇ ਕਿਹਾ ਕਿ ਰੇਲਵੇ ਵਿਭਾਗ ਵੱਲੋਂ ਆਪਣਾ ਕੋਈ ਕੰਮ ਕਰਵਾਇਆ ਜਾ ਰਿਹਾ ਹੈ ਜਿਸ ਕਰਕੇ ਸਾਡਾ ਪਾਣੀ ਰੋਕ ਦਿੱਤਾ ਗਿਆ। ਉਨ੍ਹਾਂ ਨੇ ਕਿਹਾ ਕਿ ਇਸ ਸੰਬੰਧ ਵਿੱਚ ਜਦੋਂ ਇਹ ਸਾਰਾ ਮਾਮਲਾ ਸੀਬੀਡੀਪੀਓ ਧਾਰੀਵਾਲਸੰਤੋਖ ਸਿੰਘਦੇ ਧਿਆਨ ਵਿੱਚ ਲਿਆਂਦਾ ਤਾਂ ਉਨ੍ਹਾਂ ਵੱਲੋਂ ਟੀਮ ਭੇਜੀ ਗਈ ਟੀਮ ਵੱਲੋਂ ਦੇਖਿਆ ਗਿਆ ਅਤੇ ਪਿੰਡ ਵਿੱਚੋਂ ਪਾਣੀ ਕੱਢਣ ਲਈ ਟੈਂਕਰ ਲਗਾਏ ਗਏ। ਉਨ੍ਹਾਂ ਨੇ ਕਿਹਾ ਕਿ ਪਾਣੀ ਦੇ ਨਾਲ ਇੰਨਾ ਜਿਆਦਾ ਬੁਰਾ ਹਾਲ ਹੈ ਕਿ ਪਾਣੀ ਸਾਡੇ ਘਰਾਂ ਵਿੱਚ ਵੜ ਗਿਆ ਹੈ ਘਰਾਂ ਦੀਆਂ ਨੀਹਾਂ ਪੋਲੀਆਂ ਹੋ ਰਹੀਆਂ ਹਨ। ਇਸ ਨਾਲ ਕਈ ਤਰ੍ਹਾਂ ਦੀਆਂ ਬਿਮਾਰੀਆਂ ਫੈਲ ਰਹੀਆਂ ਹਨ ਪਰ ਕਾਂਗਰਸੀ ਉਮੀਦਵਾਰ ਸੁਖਜਿੰਦਰ ਸਿੰਘ ਰੰਧਾਵਾ ਵੱਲੋਂ ਵੀਡੀਓ ਗੁਰਦਾਸਪੁਰ ਦੀ ਸ਼ਿਕਾਇਤ ਕੀਤੀ ਗਈ ਅਤੇ ਕਿਹਾ ਗਿਆ ਕਿ ਚੋਣ ਜਾਬਤਾ ਵਿੱਚ ਪਿੰਡ ਵਿੱਚ ਕੰਮ ਚੱਲ ਰਿਹਾ ਹੈ।ਪਿੰਡ 'ਚ ਮੌਤ ਲਈ ਸੁਖਜਿੰਦਰ ਰੰਧਾਵਾ ਹੋਵੇਗਾ ਜ਼ਿੰਮੇਵਾਰਪਿੰਡ ਵਾਸੀਆਂ ਨੇ ਕਿਹਾ ਕਿ ਇਹ ਕੋਈ ਵੀ ਸ਼ਿਕਾਇਤ ਨਹੀਂ ਬਣਦੀ ਕਿਉਂਕਿ ਕੋਈ ਵੀ ਨੁਮਾਇੰਦਾ ਜਦੋਂ ਬਣਦਾ ਹੈ  ਲੋਕਾਂ ਦੇ ਭਲੇ ਲਈ ਬਣਦਾ ਹੈ ਪਰ ਇਹ ਗਲਤ ਸ਼ਿਕਾਇਤ ਕੀਤੀ ਗਈ ਹੈ। ਉਨ੍ਹਾਂ ਨੇ ਕਿਹਾ ਕਿ ਸੁਖਜਿੰਦਰ ਸਿੰਘ ਰੰਧਾਵਾ ਜੋ ਕਿ ਕਾਂਗਰਸੀ ਉਮੀਦਵਾਰ ਹੈ ਉਸ ਦਾ ਸਾਡੇ ਪਿੰਡ ਵਿੱਚ ਕੋਈ ਬੂਥ ਨਹੀਂ ਲੱਗੇਗਾ, ਨਾ ਹੀ ਉਸਨੂੰ ਵੋਟਾਂ ਪਾਈਆਂ ਜਾਣਗੀਆਂ। ਪਿੰਡ ਵਾਸੀਆਂ ਨੇ ਕਿਹਾ ਜੇਕਰ ਸਾਡੇ ਪਿੰਡ ਵਿੱਚ ਕੋਈ ਬਿਮਾਰੀ ਫੈਲਦੀ ਹੈ ਜਾਂ ਫਿਰ ਕਿਸੇ ਦਾ ਘਰ ਡਿੱਗਦਾ ਹੈ ਜਾਂ ਕਿਸੇ ਦੀ ਮੌਤ ਹੁੰਦੀ ਹੈ ਤੇ ਉਸਦਾ ਜਿੰਮੇਵਾਰ ਸੁਖਜਿੰਦਰ ਸਿੰਘ ਰੰਧਾਵਾ ਹੋਵੇਗਾ। ਅਸੀਂ ਕੋਰਟ ਵਿੱਚ ਵੀ ਜਾ ਕੇ ਇਸ ਦੇ ਖਿਲਾਫ ਐਪਲੀਕੇਸ਼ਨ ਦਵਾਂਗੇ। ਨਾਲ ਹੀ ਉਨ੍ਹਾਂ ਨੇ ਕਿਹਾ ਕਿ ਅੱਜ ਡਿਪਟੀ ਕਮਿਸ਼ਨਰ ਗੁਰਦਾਸਪੁਰ ਨੂੰ ਇੱਕ ਮੰਗ ਪੱਤਰ ਦਿੱਤਾ ਗਿਆ ਹੈ ਤਾਂ ਜੋ ਸਾਡੇ ਪਿੰਡ ਵਿੱਚੋਂ ਪਾਣੀ ਕੱਢਿਆ ਜਾ ਸਕੇ।ਕੰਮ ਕਰਵਾਇਆ ਤਾਂ ਰੰਧਾਵਾ ਨੇ ਕੀਤੀ ਬੀਡੀਓ ਦੀ ਸ਼ਿਕਾਇਤਉਧਰ, ਬੀਡੀਪੀਓ ਧਾਰੀਵਾਲਸੰਤੋਖ ਸਿੰਘਨੇ ਕਿਹਾ ਕਿ ਪਿੰਡ ਦਾ ਹਾਲ ਬਹੁਤ ਬੁਰਾ ਹੈ ਤੇ ਅਸੀਂ ਉਸ ਜਗ੍ਹਾ ਵਿੱਚ ਟੈਂਕਰ ਲਗਾ ਕੇ ਪਿੰਡ ਵਿੱਚੋਂ ਪਾਣੀ ਨੂੰ ਬਾਹਰ ਕੱਢਣ ਲਈ ਕੰਮ ਕਰਨਾ ਸ਼ੁਰੂ ਕੀਤਾ ਸੀ ਪਰ ਚੋਣ ਕਮਿਸ਼ਨ ਨੂੰ ਕਾਂਗਰਸੀ ਉਮੀਦਵਾਰ ਸੁਖਜਿੰਦਰ ਸਿੰਘ ਰੰਧਾਵਾ ਵੱਲੋਂ ਚੋਣ ਜਾਬਤਾ ਵਿੱਚ ਕੰਮ ਕਰਵਾਉਣ ਦੀ ਸ਼ਿਕਾਇਤ ਕੀਤੀ, ਜਿਸ ਕਾਰਨ ਕੰਮ ਬੰਦ ਪਿਆ ਹੈ।- PTC NEWSJoin Whatsapp Channel",https://www.ptcnews.tv/news-in-punjabi/village-fateh-nangal-people-announced-congress-candidate-sukhjinder-randhawa-from-gurdaspur-lok-sabha-constituency-not-vote-4390820,Punjabi Tribune,Edited by:KRISHAN KUMAR SHARMA
"PM Modi Visit Punjab: ਪੀਐਮ ਮੋਦੀ ਨੇ ਕਿਹਾ- ਝਾੜੂ ਪਾਰਟੀ ਹੈ ਨਸ਼ਿਆਂ ਦੀ ਥੋਕ ਵਿਕਰੇਤਾ, ਪੰਜਾਬ ਦੇ ਸੀਐਮ ਮਾਲਕ ਤੋਂ ਹੁਕਮ ਲੈਣ ਤਿਹਾੜ ਜੇਲ੍ਹ ਗਏ","May 24, 2024 06:25 PMਸੀਨੀਅਰ ਸਿਟੀਜ਼ਨਾਂ ਦਾ ਮੁਫਤ ਹੋਵੇਗਾ ਇਲਾਜ -ਪੀਐਮਪੀਐਮ ਮੋਦੀ ਨੇ ਕਿਹਾ- ਸਾਡਾ ਸੰਕਲਪ ਹੈ ਕਿ ਪੰਜਾਬ ਵਿੱਚ ਉਦਯੋਗ ਨੂੰ ਪ੍ਰਫੁੱਲਤ ਕੀਤਾ ਜਾਵੇ, ਸਾਡੇ ਪੰਜਾਬ ਦੇ ਲੋਕਾਂ ਨੂੰ ਘਰ ਬੈਠੇ ਕੰਮ ਮਿਲੇ। ਇਸ ਲਈ ਅਸੀਂ ਵਿਕਾਸ 'ਤੇ ਕੰਮ ਕਰ ਰਹੇ ਹਾਂ। ਅੱਜ ਜਲੰਧਰ ਨੂੰ ਵੀ ਵੰਦੇ ਭਾਰਤ ਟਰੇਨ ਮਿਲੀ ਹੈ। ਜਲੰਧਰ ਅਤੇ ਫਿਲੌਰ ਰੇਲਵੇ ਸਟੇਸ਼ਨਾਂ ਦਾ ਵਿਕਾਸ ਚੱਲ ਰਿਹਾ ਹੈ।ਮੋਦੀ ਦੇ ਤੀਜੇ ਕਾਰਜਕਾਲ 'ਚ ਦੇਸ਼ ਨਵੀਆਂ ਉਚਾਈਆਂ ਨੂੰ ਛੂਹੇਗਾ। ਮੈਂ ਪੰਜਾਬ ਦੇ ਬਜ਼ੁਰਗਾਂ ਨਾਲ ਇਕ ਵਾਅਦਾ ਕਰਨਾ ਚਾਹੁੰਦਾ ਹਾਂ। 70 ਸਾਲ ਤੋਂ ਵੱਧ ਉਮਰ ਦੇ ਸਾਰੇ ਬਜ਼ੁਰਗਾਂ ਦਾ ਇੱਥੇ ਮੁਫ਼ਤ ਇਲਾਜ ਕੀਤਾ ਜਾਵੇਗਾ।May 24, 2024 06:24 PMਮੋਦੀ ਨੇ ਕਿਹਾ- ਪੰਜਾਬ ਵਿੱਚ ਉਦਯੋਗ ਨੂੰ ਪ੍ਰਫੁੱਲਤ ਕੀਤਾ ਜਾਵੇਪੀਐਮ ਨੇ ਕਿਹਾ- ਜਿਨ੍ਹਾਂ ਨੇ ਇੰਨਾ ਵੱਡਾ ਸ਼ਰਾਬ ਘੁਟਾਲਾ ਕੀਤਾ ਹੈ, ਉਹ ਪੰਜਾਬ ਵਿੱਚ ਨਸ਼ਿਆਂ ਦੇ ਕਾਲੀ ਕਮਾਈ ਵਿੱਚ ਡੂੱਬਕੀ ਕਿਵੇਂ ਨਹੀਂ ਲਗਾਉਣਗੇ। ਇਹ ਉਨ੍ਹਾਂ ਦੀ ਅਸਲੀਅਤ ਹੈ। ਮੈਂ ਆਪਣੇ ਸੂਬਾ ਪ੍ਰਧਾਨ ਨੂੰ ਵਧਾਈ ਦਿੰਦਾ ਹਾਂ। ਭਾਜਪਾ ਹੁਣ ਪ੍ਰੈਸ ਦੀ ਆਜ਼ਾਦੀ ਦੇ ਖਿਲਾਫ ਝਾੜੂ ਵਾਲਿਆਂ ਦੇ ਅੱਤਿਆਚਾਰਾਂ ਨੂੰ ਜਾਰੀ ਨਹੀਂ ਰਹਿਣ ਦੇਵੇਗੀ।ਇੱਥੇ ਇਹ ਲੋਕ ਇੱਕ ਦੂਜੇ ਨੂੰ ਗਾਲ੍ਹਾਂ ਕੱਢਦੇ ਹਨ। ਇਸ ਲਈ ਇਹਨਾਂ ਵਿੱਚੋਂ ਇੱਕ ਨੂੰ ਵੀ ਵੋਟ ਦੇਣ ਦਾ ਮਤਲਬ ਪੰਜਾਬ ਦੇ ਖਿਲਾਫ ਵੋਟ ਕਰਨਾ ਹੈ। ਪੰਜਾਬ ਸਾਡਾ ਵਿਸ਼ਵਾਸ ਹੈ, ਪੰਜਾਬ ਦੀ ਤਰੱਕੀ ਮੋਦੀ ਦੀ ਗਾਰੰਟੀ ਹੈ।ਪੰਜਾਬ ਵਿੱਚ ਉਦਯੋਗ ਨੂੰ ਪ੍ਰਫੁੱਲਤ ਕੀਤਾ ਜਾਵੇ, ਸਾਡੇ ਪੰਜਾਬ ਦੇ ਲੋਕਾਂ ਨੂੰ ਘਰ ਬੈਠੇ ਕੰਮ ਮਿਲੇ। ਇਸ ਲਈ ਅਸੀਂ ਵਿਕਾਸ 'ਤੇ ਕੰਮ ਕਰ ਰਹੇ ਹਾਂ। ਅੱਜ ਜਲੰਧਰ ਨੂੰ ਵੀ ਵੰਦੇ ਭਾਰਤ ਟਰੇਨ ਮਿਲੀ ਹੈ। ਜਲੰਧਰ ਅਤੇ ਫਿਲੌਰ ਰੇਲਵੇ ਸਟੇਸ਼ਨਾਂ ਦਾ ਵਿਕਾਸ ਚੱਲ ਰਿਹਾ ਹੈ।May 24, 2024 06:18 PMPM ਮੋਦੀ ਨੇ ਕਿਹਾ-ਕਾਂਗਰਸ ਨੇ ਆਪਣੇ ਵੋਟ ਬੈਂਕ ਦੀਆਂ ਗਲਤੀਆਂ ਨੂੰ ਛੁਪਾਇਆ। ਕਾਂਗਰਸ ਨੂੰ ਲੱਗਦਾ ਸੀ ਕਿ ਉਸ ਦੇ ਪਾਪ ਨੰਗਾ ਹੋ ਜਾਣਗੇ ਅਤੇ ਉਸ ਦਾ ਵੋਟ ਬੈਂਕ ਇਹ ਪਸੰਦ ਨਹੀਂ ਕਰੇਗਾ।  ਅਸੀਂ ਸਾਹਿਬਜ਼ਾਦਿਆਂ ਦੀ ਯਾਦ ਵਿੱਚ 26 ਦਸੰਬਰ ਨੂੰ ਵੀਰ ਬਾਲ ਦਿਵਸ ਸ਼ੁਰੂ ਕੀਤਾ।ਅਸੀਂ ਅਜਿਹੇ ਹਰ ਮੀਲ ਪੱਥਰ ਨੂੰ ਨਵੀਂ ਪੀੜ੍ਹੀ ਤੱਕ ਪਹੁੰਚਾਇਆ ਹੈ। ਵੰਡ ਵੇਲੇ ਪਿੱਛੇ ਰਹਿ ਗਏ ਸਾਡੇ ਹਿੰਦੂ ਸਿੱਖ ਭਰਾ ਵੀ ਸਾਡੇ ਹੀ ਹਨ। ਭਾਜਪਾ ਨੇ ਉਨ੍ਹਾਂ ਨੂੰ ਨਾਗਰਿਕਤਾ ਦੇਣ ਲਈ ਸੀਏਏ ਕਾਨੂੰਨ ਬਣਾਇਆ, ਪਰ ਕਾਂਗਰਸ ਨੂੰ ਇਸ ਨਾਲ ਸਮੱਸਿਆ ਹੈ। ਕਾਂਗਰਸ ਦਾ ਕਹਿਣਾ ਹੈ ਕਿ ਸੱਤਾ 'ਚ ਆਉਣ 'ਤੇ ਉਸ ਨੂੰ ਹਟਾ ਦੇਵੇਗੀ।ਸਾਡਾ ਪੰਜਾਬ ਦੇਸ਼ ਦਾ ਸਰਹੱਦੀ ਸੂਬਾ ਹੈ। ਸਾਨੂੰ ਇਸ ਨੂੰ ਦੁਬਾਰਾ ਮੁਸੀਬਤ ਵਿੱਚ ਨਹੀਂ ਆਉਣ ਦੇਣਾ ਚਾਹੀਦਾ। ਜੋ ਗੁਨਾਹ ਕਾਂਗਰਸ ਨੇ ਦਹਾਕਿਆਂ ਤੋਂ ਇੱਥੇ ਕੀਤੀ ਸੀ, ਹੁਣ ਝਾੜੂ ਵਾਲੀ ਪਾਰਟੀ ਕਾਂਗਰਸ ਦੀ ਉਸੇ ਵੇਲ ਨੂੰ ਖਾਦ ਅਤੇ ਪਾਣੀ ਦੇ ਰਹੀ ਹੈ। ਤੁਹਾਨੂੰ ਯਾਦ ਹੈ ਉਨ੍ਹਾਂ ਨੇ ਕਿਹੜੇ-ਕਿਹੜੇ ਵਾਅਦੇ ਕੀਤੇ ਸਨ, ਉਨ੍ਹਾਂ ਕਿਹਾ ਸੀ ਕਿ ਉਹ ਦੋ ਮਹੀਨਿਆਂ ਵਿੱਚ ਨਸ਼ਾ ਖ਼ਤਮ ਕਰ ਦੇਣਗੇ, ਪਰ ਅੱਜ ਪੰਜਾਬ ਵਿੱਚ ਨਸ਼ਾ ਵੇਚਣ ਵਾਲਿਆਂ ਨੂੰ ਮੁਫ਼ਤ ਲਾਇਸੈਂਸ ਮਿਲ ਗਿਆ ਹੈ। ਪਰਿਵਾਰ ਬਰਬਾਦ ਹੋ ਰਹੇ ਹਨ। ਪੰਜਾਬ ਦੇ ਲੋਕ ਵੀ ਸਮਝ ਰਹੇ ਹਨ ਕਿ ਇਹ ਝਾੜੂ ਵਾਲੇ ਨਸ਼ੇ ਦੇ ਥੋਕ ਵਪਾਰੀ ਹਨ।May 24, 2024 06:12 PMਵਿਰੋਧੀ ਧਿਰ ਦਾ ਗੁਬਾਰਾ ਫਟ ਗਿਆ- ਪੀਐਮ ਮੋਦੀਪੀਐਮ ਮੋਦੀ ਨੇ ਕਿਹਾ- ਦੇਸ਼ ਵਿੱਚ 5 ਪੜਾਵਾਂ ਦੀਆਂ ਚੋਣਾਂ ਹੋਈਆਂ ਹਨ। ਭਲਕੇ ਛੇਵੇਂ ਪੜਾਅ ਦੀਆਂ ਚੋਣਾਂ ਹੋਣ ਜਾ ਰਹੀਆਂ ਹਨ। ਉਸ ਦੀ ਮੁਹਿੰਮ ਵੀ ਰੁਕ ਗਈ ਹੈ। ਜਿਹੜੇ ਲੋਕ ਕੱਲ੍ਹ ਤੱਕ ਭਾਜਪਾ ਖਿਲਾਫ ਗੁਬਾਰਾ ਫੂਕ ਰਹੇ ਸਨ, ਉਨ੍ਹਾਂ ਦਾ ਗੁਬਾਰਾ ਵੀ ਫਟ ਗਿਆ ਹੈ।ਹੁਣ ਕਾਂਗਰਸ 'ਇੰਡੀਆ ਗਠਜੋੜ' ਨੂੰ ਵੋਟ ਨਹੀਂ ਪਾਉਣਾ ਚਾਹੁੰਦੀ। ਤੁਸੀਂ ਜਲੰਧਰ ਚੌਂਕ 'ਤੇ ਖੜ੍ਹੇ ਹੋ ਕੇ ਪੁੱਛੋ ਕਿ ਕਿਸ ਦੀ ਸਰਕਾਰ ਬਣੇਗੀ। 100 ਵਿੱਚੋਂ 90 ਲੋਕ ਕਹਿਣਗੇ ਕਿ ਮੋਦੀ ਦੀ ਸਰਕਾਰ ਦੁਬਾਰਾ ਬਣੇਗੀ। ਇਸ ਗੱਲ ਦੀ ਪੁਸ਼ਟੀ ਹੋਣ 'ਤੇ ਭਗਵਾਨ ਵਰਗੇ ਲੋਕਾਂ ਨੇ ਇਕ ਵਾਰ ਫਿਰ ਮੋਦੀ ਸਰਕਾਰ ਬਣਾਉਣ ਦਾ ਮਨ ਬਣਾ ਲਿਆ ਹੈ। ਫਿਰ ਅਜਿਹੀ ਗਲਤੀ ਕੌਣ ਕਰੇਗਾ ਕਿ ਉਸ ਦੀ ਵੋਟ ਖਰਾਬ ਹੋ ਜਾਵੇ? ਇਸ ਲਈ ਇਸ ਵਾਰ ਹਰ ਪਾਸੇ ਇਹ ਪੱਕਾ ਹੋ ਗਿਆ ਹੈ ਕਿ ਇੱਕ ਵਾਰ ਫਿਰ ਮੋਦੀ ਸਰਕਾਰ ਹੋਵੇਗੀ।ਪਹਿਲਾਂ ਪਾਕਿਸਤਾਨ ਦੇ ਹੌਂਸਲੇ ਵਧਦੇ ਜਾ ਰਹੇ ਸਨ, ਜਦੋਂ ਤੋਂ ਮੋਦੀ ਘਰ 'ਚ ਵੜਿਆ ਹੈ, ਪਾਕਿਸਤਾਨ ਵੀ ਕੁਝ ਕਰਨ ਤੋਂ ਪਹਿਲਾਂ 100 ਵਾਰ ਸੋਚਦਾ ਹੈ। ਪਾਕਿਸਤਾਨ ਸੋਚਦਾ ਹੈ ਕਿ ਲੈਣ ਲਈ ਦੇਣਾ ਹੀ ਪਵੇਗਾ। ਅੱਜ ਦੇਸ਼ ਇਹ ਵੀ ਸਮਝ ਰਿਹਾ ਹੈ ਕਿ ਜਦੋਂ ਤੱਕ ਕਾਂਗਰਸ ਹੈ, ਸਮੱਸਿਆਵਾਂ ਰਹਿਣਗੀਆਂ।May 24, 2024 06:01 PMਮੋਦੀ ਨੇ ਕਿਹਾ- ਮੈਂ ਜਲੰਧਰ ਦੇ ਪਿਆਰ ਦਾ ਰਿਣੀ ਹਾਂਜਲੰਧਰ ਰੈਲੀ 'ਚ ਪੀਐਮ ਮੋਦੀ ਨੇ ਕਿਹਾ- ਕੋਰੋਨਾ ਦੇ ਔਖੇ ਸਮੇਂ 'ਚ ਤੁਸੀਂ ਸਾਰਿਆਂ ਨੇ ਸੇਵਾ ਦੀ ਮਿਸਾਲ ਕਾਇਮ ਕੀਤੀ ਸੀ। ਮੈਂ ਰਾਧਾ ਸੁਆਮੀ ਡੇਰੇ ਦੀ ਸੰਤ ਪਰੰਪਰਾ ਨੂੰ ਵੀ ਸਲਾਮ ਕਰਦਾ ਹਾਂ। ਪੰਜਾਬ ਮੇਰੇ ਲਈ ਨਵਾਂ ਨਹੀਂ ਹੈ। ਮੈਂ ਲੰਮਾ ਸਮਾਂ ਪੰਜਾਬ ਵਿੱਚ ਕੰਮ ਕੀਤਾ।ਜਲੰਧਰ ਦਾ ਕੁਲਚਾ ਤੇ ਕੈਂਟ ਦਾ ਪਕੌੜਾ, ਜਲੰਧਰ ਦੇ ਉਸ ਪਿਆਰ ਦਾ ਕਰਜ਼ਾ ਅੱਜ ਵੀ ਮੇਰੇ ਸਿਰ ਹੈ। ਜਲੰਧਰ ਤੋਂ ਸਾਡੇ ਲੋਕ ਵੀ ਵੱਡੀ ਗਿਣਤੀ ਵਿਚ ਮੇਰੇ ਬਨਾਰਸ ਆਉਂਦੇ ਰਹਿੰਦੇ ਹਨ। ਇਸ ਵਾਰ ਵੀ ਮੈਨੂੰ ਸੰਤ ਰਵਿਦਾਸ ਜੀ ਦੇ ਅਸਥਾਨ ਸ਼ੀਲ ਗੋਵਰਧਨਪੁਰ ਵਿਖੇ ਕਈ ਵਿਕਾਸ ਕਾਰਜਾਂ ਦੇ ਉਦਘਾਟਨ ਅਤੇ ਨੀਂਹ ਪੱਥਰ ਰੱਖਣ ਦਾ ਮੌਕਾ ਮਿਲਿਆ।May 24, 2024 04:36 PMਲੋਕਾਂ ਨੂੰ ਕੀਤੀ ਅਪੀਲਮੈਂ ਪੰਜਾਬ ਦੇ ਲੋਕਾਂ ਨੂੰ ਭਾਜਪਾ ਨੂੰ ਵੋਟ ਪਾਉਣ ਦੀ ਅਪੀਲ ਕਰਦਾ ਹਾਂ। ਮੈਂ ਤੁਹਾਡੇ ਸੁਪਨਿਆਂ ਨੂੰ ਪੂਰਾ ਕਰਨ ਲਈ ਹਰ ਕੋਸ਼ਿਸ਼ ਕਰਾਂਗਾ।May 24, 2024 04:34 PMਕੈਪਟਨ ਅਮਰਿੰਦਰ ਸਿੰਘ ਬਾਰੇ ਵੀ ਗੱਲ ਕੀਤੀਪੀਐਮ ਨੇ ਕਿਹਾ ਕਿ ਦੋਸਤੋ, ਜਦੋਂ ਦੇਸ਼ ਦੇ ਹਿੱਤ ਦੀ ਗੱਲ ਆਉਂਦੀ ਹੈ ਤਾਂ ਤੁਸੀਂ ਕਾਂਗਰਸ ਨੂੰ ਪਿੱਠ 'ਤੇ ਖੜ੍ਹੀ ਦੇਖੋਗੇ। ਜਦੋਂ ਪੰਜਾਬ ਵਿੱਚ ਕਾਂਗਰਸ ਦੀ ਸਰਕਾਰ ਸੀ ਤਾਂ ਹੁਕਮ ਕਿੱਥੋਂ ਆਏ? ਜਿਸ ਕੋਲ ਰਿਮੋਟ ਕੰਟਰੋਲ ਸੀ ਪਰ ਕੈਪਟਨ ਅਮਰਿੰਦਰ ਸਿੰਘ ਨੇ ਹੁਕਮ ਮੰਨਣ ਤੋਂ ਇਨਕਾਰ ਕਰ ਦਿੱਤਾ। ਇੱਕ ਸਿਪਾਹੀ ਹੋਣ ਦੇ ਨਾਤੇ, ਉਨ੍ਹਾਂ ਨੇ ਰਾਸ਼ਟਰੀ ਹਿੱਤ ਵਿੱਚ ਕੰਮ ਕਰਨ ਦਾ ਫੈਸਲਾ ਕੀਤਾ। ਨਤੀਜਾ ਕੀ ਨਿਕਲਿਆ, ਉਨ੍ਹਾਂ ਨੂੰ ਮੁੱਖ ਮੰਤਰੀ ਦੇ ਅਹੁਦੇ ਤੋਂ ਹਟਾ ਦਿੱਤਾ ਗਿਆ। ਪੰਜਾਬ ਦੇ ਇਸ ਅਪਮਾਨ ਨੂੰ ਕੋਈ ਨਹੀਂ ਭੁੱਲ ਸਕਦਾ। ਬਦਕਿਸਮਤੀ ਨਾਲ ਅੱਜ ਵੀ ਪੰਜਾਬ ਨੂੰ ਦੂਰ-ਦੂਰ ਤੱਕ ਚਲਾਉਣ ਦੇ ਯਤਨ ਕੀਤੇ ਜਾ ਰਹੇ ਹਨ। ਅੱਜ ਮੁੱਖ ਮੰਤਰੀ ਖੁਦ ਫੈਸਲੇ ਨਹੀਂ ਲੈ ਸਕਦੇ। ਜਦੋਂ ਇਨ੍ਹਾਂ ਦੇ ਮਾਲਕ ਜੇਲ੍ਹ 'ਚ ਗਏ ਤਾਂ ਪੰਜਾਬ ਦਾ ਸਿਸਟਮ ਠੱਪ ਹੋਣ ਲੱਗਾ। ਇੱਥੋਂ ਦੇ ਮੁੱਖ ਮੰਤਰੀ ਨੂੰ ਸਰਕਾਰ ਚਲਾਉਣ ਲਈ ਦਿੱਲੀ ਜੇਲ੍ਹ ਜਾਣਾ ਪਿਆ।May 24, 2024 04:33 PM'ਇੰਡੀਆ ਗਠਜੋੜ' 'ਤੇ ਉਠਾਏ ਗਏ ਸਵਾਲਮੋਦੀ ਨੇ 'ਇੰਡੀਆ ਗਠਜੋੜ' 'ਤੇ ਸਵਾਲ ਉਠਾਉਂਦੇ ਹੋਏ ਕਿਹਾ ਕਿ ਝਾੜੂ ਅਤੇ ਪੰਜੇ ਵਾਲੇ ਲੋਕਾਂ ਨੇ ਜਨਤਾ ਨੂੰ ਮੂਰਖ ਬਣਾਇਆ ਹੈ। ਦਿੱਲੀ ਵਿੱਚ ਇੱਕ ਦੂਜੇ ਲਈ ਵੋਟਾਂ ਮੰਗਦੇ ਹਨ ਅਤੇ ਪੰਜਾਬ ਵਿੱਚ ਇੱਕ ਦੂਜੇ ਨੂੰ ਗਾਲ੍ਹਾਂ ਕੱਢਦੇ ਹਨ।May 24, 2024 04:32 PMਵਿਨੋਦ ਖੰਨਾ ਨੂੰ ਕੀਤਾ ਯਾਦਮੋਦੀ ਨੇ ਕਿਹਾ ਕਿ ਭਾਵੇਂ ਰਾਸ਼ਟਰੀ ਰੱਖਿਆ ਹੋਵੇ, ਧਰਮ ਅਤੇ ਸੱਭਿਆਚਾਰ ਦੀ ਰੱਖਿਆ ਹੋਵੇ ਜਾਂ ਦੇਸ਼ ਦੇ ਵਿਕਾਸ ਦੀ ਗੱਲ ਹੋਵੇ, ਪੰਜਾਬ ਅਤੇ ਸਿੱਖ ਕੌਮ ਹਮੇਸ਼ਾ ਹੀ ਅੱਗੇ ਵਧੀ ਹੈ। ਉਨ੍ਹਾਂ ਗੁਰਦਾਸਪੁਰ ਤੋਂ ਭਾਜਪਾ ਦੇ ਸਾਬਕਾ ਸੰਸਦ ਮੈਂਬਰ ਵਿਨੋਦ ਖੰਨਾ ਨੂੰ ਯਾਦ ਕਰਦਿਆਂ ਕਿਹਾ ਕਿ ਵਿਨੋਦ ਖੰਨਾ ਨੇ ਗੁਰਦਾਸਪੁਰ ਲਈ ਬਹੁਤ ਕੰਮ ਕੀਤਾ ਹੈ।May 24, 2024 04:21 PMਦੀਨਾਨਗਰ ਰੈਲੀ 'ਚ ਪਹੁੰਚੇ ਪ੍ਰਧਾਨ ਮੰਤਰੀ ਨਰਿੰਦਰ ਮੋਦੀMay 24, 2024 04:14 PMਰੈਲੀ ਤੋਂ ਪਹਿਲਾਂ ਪੁਲਿਸ ਨੇ ਹਿਰਾਸਤ 'ਚ ਲਏ ਜਲੰਧਰ ਦੇ ਆਗੂਪੰਜਾਬ 'ਚ PM ਮੋਦੀ ਦੀ ਰੈਲੀ ਤੋਂ ਪਹਿਲਾਂ ਹੰਗਾਮਾ, ਜਲੰਧਰ 'ਚ ਕਿਸਾਨ ਆਗੂ ਹਿਰਾਸਤ 'ਚ; ਗੁਰਦਾਸਪੁਰ ਵਿੱਚ ਪੁਲਿਸ ਨੇ ਰਸਤੇ ਵਿੱਚ ਹੀ ਰੋਕ ਲਿਆ।May 24, 2024 04:13 PMਕਿਸਾਨਾਂ ਨੇ ਪੁਲਿਸ ਵੱਲੋਂ ਰੋਕੇ ਜਾਣ 'ਤੇ ਪੀਐਮ ਮੋਦੀ ਖਿਲਾਫ਼ ਲਾਏ ਨਾਹਰੇਕਿਸਾਨ-ਮਜ਼ਦੂਰ ਸੰਘਰਸ਼ ਕਮੇਟੀ ਪੰਜਾਬ ਦੇ ਸੂਬਾ ਪ੍ਰਧਾਨ ਸੁਖਵਿੰਦਰ ਸਿੰਘ ਸਭਰਾ ਦੀ ਅਗਵਾਈ ਵਿਚ ਵਿਸ਼ਾਲ ਕਾਫਲਾ ਪੰਜਾਬ ਫੇਰੀ ਦੌਰਾਨ ਜਲੰਧਰ ਆ ਰਹੇ ਪ੍ਰਧਾਨ ਮੰਤਰੀ ਮੋਦੀ ਨੂੰ ਸੁਆਲ ਕਰਨ ਜਾ ਰਿਹਾ ਸੀ ਪਰ ਵਾਅਦਿਆਂ ਤੋਂ ਭਗੌੜੀ ਸਰਕਾਰ ਕਿਸਾਨਾਂ ਮਜ਼ਦੂਰਾਂ ਦੇ ਸੁਆਲਾਂ ਵੀ ਭੱਜ ਗਈ ਅਤੇ ਕਿਸਾਨਾਂ ਮਜ਼ਦੂਰਾਂ ਨੂੰ ਭਾਰੀ ਪੁਲਿਸ ਬਲ ਲਾ ਕੇ ਥਾਂ-ਥਾਂ 'ਤੇ ਰੋਕਿਆ ਗਿਆ। ਇਸ ਮੌਕੇ ਕਿਸਾਨਾਂ ਮਜ਼ਦੂਰਾਂ ਵੱਲੋਂ 'ਨਰੇਂਦਰ ਮੋਦੀ ਵਾਪਸ ਜਾਓ' ਦੇ ਨਾਅਰੇ ਲਗਾਏ ਗਏ।May 24, 2024 04:06 PMਪੀਐਮ ਮੋਦੀ ਨੂੰ ਵੇਖਣ ਇਕੱਠੇ ਹੋਏ ਭਾਜਪਾ ਵਰਕਰਪ੍ਰਧਾਨ ਮੰਤਰੀ ਨਰਿੰਦਰ ਮੋਦੀ ਦੀ ਰੈਲੀ ਤੋਂ ਪਹਿਲਾਂ ਸਮਰਥਕਾਂ ਦੇ ਵਿੱਚ ਉਤਸ਼ਾਹ ਤਸਵੀਰਾਂ ਜਲੰਧਰ ਦੇ ਪੀਏਪੀ ਗਰਾਊਂਡ ਤੋਂ ਜਿੱਥੇ ਨਰਿੰਦਰ ਮੋਦੀ ਜਨ ਸਭਾ ਨੂੰ ਸੰਬੋਧਨ ਕਰਨਗੇ।May 24, 2024 04:02 PMਮੋਦੀ ਦੀ ਗਾਰੰਟੀ ਵਿਕਾਸ ਦੀ ਗਾਰੰਟੀ ਹੈ: ਸ਼ਹਿਜ਼ਾਦ ਪੂਨਾਵਾਲਾਭਾਜਪਾ ਦੇ ਕੌਮੀ ਬੁਲਾਰੇ ਸ਼ਹਿਜ਼ਾਦ ਪੂਨਾਵਾਲਾ ਨੇ ਦੋਸ਼ ਲਾਇਆ ਕਿ 'ਆਪ' ਅਤੇ ਕਾਂਗਰਸ ਚੰਡੀਗੜ੍ਹ 'ਚ ਲਾਭ ਦੀ ਦੋਸਤੀ ਦੀ ਖੇਡ ਖੇਡ ਰਹੀਆਂ ਹਨ। ਇਸ ਦੇ ਨਾਲ ਹੀ ਦਿੱਲੀ ਵਿੱਚ ਦੋ ਧਿਰਾਂ ਦੀ ਦੋਸਤੀ, ਪੰਜਾਬ ਵਿੱਚ ਕੁਸ਼ਤੀ ਅਤੇ ਚੰਡੀਗੜ੍ਹ ਵਿੱਚ ਖੇਡ ਚੱਲ ਰਹੀ ਹੈ। ਇਹ ਦੋਸਤੀ ਗਠਜੋੜ 4 ਜੂਨ ਤੋਂ ਬਾਅਦ ਟੁੱਟ ਜਾਵੇਗਾ। ਇਸ ਦੇ ਨਾਲ ਹੀ ਉਨ੍ਹਾਂ ਚੰਡੀਗੜ੍ਹ ਦੇ ਉਮੀਦਵਾਰ ਮਨੀਸ਼ ਤਿਵਾੜੀ ਦੀ ਉਮੀਦਵਾਰੀ 'ਤੇ ਵੀ ਸਵਾਲ ਉਠਾਏ ਅਤੇ ਮਨੀਸ਼ ਵੱਲੋਂ ਚੰਡੀਗੜ੍ਹ ਸਬੰਧੀ ਦਿੱਤੀ ਗਈ ਗਾਰੰਟੀ ਨੂੰ ਚਾਈਨੀਜ਼ ਕਰਾਰ ਦਿੱਤਾ। ਜਦੋਂ ਕਿ ਪ੍ਰਧਾਨ ਮੰਤਰੀ ਨਰਿੰਦਰ ਮੋਦੀ ਦੀ ਸਰਕਾਰ ਵਿਕਾਸ ਦੀ ਗਾਰੰਟੀ ਹੈ।May 24, 2024 03:54 PMਜਲੰਧਰ ਰੈਲੀ ਲਈ ਭਾਕਿਯੂ ਦੁਆਬਾ ਦੇ ਕਿਸਾਨਾਂ ਦਾ ਕਾਫਲਾ ਰਵਾਨਾਪ੍ਰਧਾਨ ਮੰਤਰੀ ਨਰਿੰਦਰ ਮੋਦੀ ਵੱਲੋਂ ਅੱਜ ਜਲੰਧਰ ਵਿਖੇ ਚੋਣ ਰੈਲੀ ਨੂੰ ਸੰਬੋਧਨ ਕੀਤਾ ਜਾਣਾ ਹੈ। ਇਸ ਨੂੰ ਲੈ ਕੇ ਕਿਸਾਨਾਂ ਵੱਲੋਂ ਭਾਰਤੀ ਕਿਸਾਨ ਯੂਨੀਅਨ ਦੁਆਬਾ ਦੇ ਸੂਬਾ ਪ੍ਰਧਾਨ ਮਨਜੀਤ ਸਿੰਘ ਰਾਏ ਦੀ ਅਗਵਾਈ ਵਿੱਚ ਵੱਡਾ ਕਾਫਲਾ ਲੈ ਕੇ ਜਲੰਧਰ ਵੱਲ ਰਵਾਨਾ ਹੋਇਆ।May 24, 2024 03:29 PMਪੀਐਮ ਦੀ ਜਲੰਧਰ ਰੈਲੀ ਨੂੰ ਲੈ ਕੇ ਵੱਡੀ ਅਪਡੇਟਪ੍ਰਧਾਨ ਮੰਤਰੀ ਨਰਿੰਦਰ ਮੋਦੀ ਦੇ ਜਲੰਧਰ 'ਚ ਰੈਲੀ ਕਰਨ ਨੂੰ ਲੈ ਕੇ ਪੰਜਾਬ ਭਾਜਪਾ ਵੱਲੋਂ ਵੱਡੀ ਅਪਡੇਟ ਦਿੱਤੀ ਗਈ ਹੈ। ਭਾਜਪਾ ਨੇ ਟਵਿੱਟਰ ਐਕਸ 'ਤੇ ਜਾਣਕਾਰੀ ਦਿੰਦਿਆਂ ਦੱਸਿਆ ਕਿ ਫਤਿਹ ਰੈਲੀ 'ਚ ਦੇਸ਼ ਦੇ ਪ੍ਰਧਾਨ ਮੰਤਰੀ ਨਰਿੰਦਰ ਮੋਦੀਸ਼ਾਮ 4 ਵਜੇ ਪੀ.ਏ.ਪੀ ਗਰਾਊਂਡ, ਜਲੰਧਰ ਪਹੁੰਚ ਰਹੇ ਹਨ।May 24, 2024 01:28 PMਕਿਸਾਨਾਂ ਤੇ ਵਿਦਿਆਰਥੀਆਂ ਨੇ ਘੇਰੇ ਭਾਜਪਾ ਆਗੂ, ਇੱਕ ਘੰਟੇ ਤੱਕ ਗੱਡੀ 'ਚ ਰਹੇ ਬੈਠੇਸ਼੍ਰੀ ਮੁਕਤਸਰ ਸਾਹਿਬ ਦੇ ਪਿੰਡ ਚੱਕ ਗਾਂਧਾ ਸਿੰਘ ਵਾਲਾ ਵਿਖੇ ਭਾਜਪਾ ਆਗੂ ਦਾ ਕਿਸਾਨਾਂ ਅਤੇ ਵਿਦਿਆਰਥੀਆਂ ਨੇ ਕੀਤਾ ਘਿਰਾਓ। ਪਿੰਡ ਵਿਚ ਚੋਣ ਪ੍ਰਚਾਰ ਲਈ ਗਏ ਭਾਜਪਾ ਆਗੂ ਦੀ ਗੱਡੀ ਨੂੰ ਕਰੀਬ 1 ਘੰਟਾ ਘੇਰੀ ਰੱਖਿਆ।May 24, 2024 01:10 PMਜਲੰਧਰ 'ਚ ਰੈਲੀ ਦੌਰਾਨ ਵਾਹਨਾਂ ਲਈ ਰੂਟ ਪਲਾਨਭਾਰਤ ਦੇ ਪ੍ਰਧਾਨ ਮੰਤਰੀ ਦੀ 24 ਮਈ ਨੂੰ ਪੀਏਪੀ ਗਰਾਉਂਡ ਵਿਖੇ ਇੱਕ ਜਨਤਕ ਰੈਲੀ ਵਿੱਚ ਹਿੱਸਾ ਲੈਣ ਲਈ ਜਲੰਧਰ ਦੇ ਦੌਰੇ ਦੇ ਮੱਦੇਨਜ਼ਰ, ਕਮਿਸ਼ਨਰੇਟ ਪੁਲਿਸ ਜਲੰਧਰ ਨੇ ਭਾਰੀ ਅਤੇ ਵਪਾਰਕ ਵਾਹਨਾਂ ਲਈ ਹੇਠ ਲਿਖੇ ਰੂਟ ਡਾਇਵਰਸ਼ਨ ਦਾ ਐਲਾਨ ਕੀਤਾ ਹੈ।ਸੁਰੱਖਿਆ ਕਾਰਨਾਂ ਕਰਕੇ ਇਹ ਡਾਇਵਰਸ਼ਨ ਦੁਪਹਿਰ 3:00 ਵਜੇ ਤੋਂ ਸ਼ਾਮ 7:00 ਵਜੇ ਤੱਕ ਲਾਗੂ ਰਹਿਣਗੇ।ਪ੍ਰਭਾਵਿਤ ਰਸਤੇਅੰਮ੍ਰਿਤਸਰ ਤੋਂ ਲੁਧਿਆਣਾ- ਡਾਇਵਰਸ਼ਨ ਰੂਟ: ਸੁਭਾਨਪੁਰ → ਕਪੂਰਥਲਾ → ਕਾਲਾ ਸੰਘਿਆਂ → ਨੂਰ ਮਹਿਲ → ਫਿਲੌਰਲੁਧਿਆਣਾ ਤੋਂ ਅੰਮ੍ਰਿਤਸਰ- ਡਾਇਵਰਸ਼ਨ ਰੂਟ: ਫਗਵਾੜਾ → ਮੇਹਟੀਆਣਾ → ਹੁਸ਼ਿਆਰਪੁਰ → ਟਾਂਡਾ → ਬੇਗੋਵਾਲ → ਨਡਾਲਾ → ਸੁਭਾਨਪੁਰਲੁਧਿਆਣਾ ਤੋਂ ਹਿਮਾਚਲ ਪ੍ਰਦੇਸ਼/ਪਠਾਨਕੋਟ- ਡਾਇਵਰਸ਼ਨ ਰੂਟ: ਫਗਵਾੜਾ → ਮੇਹਟੀਆਣਾ → ਹੁਸ਼ਿਆਰਪੁਰ → ਟਾਂਡਾMay 24, 2024 01:07 PMਦੀਨਾਨਗਰ ਰੈਲੀ ਤੋਂ ਪਹਿਲਾਂ ਕਿਸਾਨਾਂ ਨੇ ਕੀਤਾ ਪ੍ਰਦਰਸ਼ਨਪ੍ਰਧਾਨ ਮੰਤਰੀ ਮੋਦੀ ਦੀ ਦੀਨਾਨਗਰ ਰੈਲੀ ਦੇ ਸੰਬੰਧ ਵਿਚ ਨੈਸ਼ਨਲ ਹਾਈਵੇ 'ਤੇ ਪਿੰਡ ਜਾਪੁਵਾਲ ਵਿਖੇ ਇਕੱਠੇ ਹੋ ਕੇ ਕੀਤਾ ਪ੍ਰਦਰਸ਼ਨPM Narendra Modi Punjab Visit:ਪ੍ਰਧਾਨ ਮੰਤਰੀ ਨਰਿੰਦਰ ਮੋਦੀ ਦੇ ਪੰਜਾਬ ਦੌਰੇ ਦਾ ਅੱਜ (ਸ਼ੁੱਕਰਵਾਰ) ਨੂੰ ਦੂਜਾ ਦਿਨ ਹੈ। ਪੀਐਮ ਮੋਦੀ ਅੱਜ ਜਲੰਧਰ ਅਤੇ ਗੁਰਦਾਸਪੁਰ ਵਿੱਚ ਚੋਣ ਰੈਲੀ ਕਰਨਗੇ, ਜਿਸ ਨੂੰ ਲੈ ਕੇ ਪੰਜਾਬ ਪੁਲਿਸ ਵੱਲੋਂ ਸੁਰੱਖਿਆ ਦੇ ਪੁਖਤਾ ਪ੍ਰਬੰਧ ਕੀਤੇ ਗਏ ਹਨ। ਉਧਰ, ਕਿਸਾਨ ਜਥੇਬੰਦੀਆਂ ਵੱਲੋਂ ਵੀ ਪ੍ਰਧਾਨ ਮੰਤਰੀ ਮੋਦੀ ਨੂੰ ਅੱਜ ਵੀ ਰੈਲੀ ਦੌਰਾਨ ਕਿਸਾਨਾਂ ਸਬੰਧੀ ਸਵਾਲ ਪੁੱਛੇ ਜਾਣ ਬਾਰੇ ਕਿਹਾ ਜਾ ਰਿਹਾ ਹੈ ਅਤੇ ਵਿਰੋਧ ਪ੍ਰਦਰਸ਼ਨ ਕਰਨ ਲਈ ਤਿਆਰ ਨਜ਼ਰ ਆ ਰਹੇ ਹਨ।ਸਰਵਣ ਸਿੰਘ ਪੰਧੇਰ ਨੇ ਕੀਤਾ ਐਲਾਨਪੰਜਾਬ ਭਾਜਪਾ ਅਨੁਸਾਰ ਗੁਰਦਾਸਪੁਰ ਦੇ ਦੀਨਾਨਗਰ 'ਚ ਰੈਲੀ ਸਾਹਮਣੇ ਬਰਿਸਤਾ ਨਗਰ, ਨੈਸ਼ਨਲ ਹਾਈਵੇਅ-54, ਬਾਈਪਾਸ ਨਜ਼ਦੀਕ ਹੋਵੇਗੀ। ਪਾਰਟੀ ਵੱਲੋਂ ਪਹਿਲਾਂ ਪ੍ਰਧਾਨ ਮੰਤਰੀ ਮੋਦੀ ਦੀ ਰੈਲੀ ਲਈ 1 ਵਜੇ ਦਾ ਸਮਾਂ ਰੱਖਿਆ ਗਿਆ ਹੈ, ਪਰ ਹੁਣ ਖ਼ਬਰ ਹੈ ਕਿ ਪੀਐਮ 3:30 ਵਜੇ  ਗੁਰਦਾਸਪੁਰ ਪਹੁੰਚਣਗੇ। ਉਪਰੰਤ ਇਥੋਂ ਜਲੰਧਰ ਦੇ ਪੀਏਪੀ ਲਈ ਰਵਾਨਾ ਹੋਣਗੇ, ਜਿਥੇ ਫਿਰ 5 ਵਜੇ ਪੀਐਮ ਮੋਦੀ ਪਾਰਟੀ ਲਈ ਚੋਣ ਪ੍ਰਚਾਰ ਕਰਨਗੇ।ਪ੍ਰਧਾਨ ਮੰਤਰੀ ਦੇ ਪੰਜਾਬ ਦੌਰੇ 'ਤੇ ਕਿਸਾਨ ਆਗੂ ਸਰਵਣ ਸਿੰਘ ਪੰਧੇਰ ਨੇ ਕਿਹਾ ਕੀ ਬੀਤੇ ਦਿਨੀਂ ਵੀ ਸਾਡੇ ਕਿਸਾਨਾਂ ਵੱਲੋਂ ਪ੍ਰਧਾਨਮੰਤਰੀ ਨੂੰ ਸਵਾਲ ਕਰਨ ਦੀ ਕੋਸ਼ਿਸ਼ ਕੀਤੀ ਗਈ ਸੀ ਅਤੇ ਅੱਜ ਵੀ ਸਾਡੇ ਕਿਸਾਨ ਵੱਖ-ਵੱਖ ਥਾਵਾਂ ਤੋਂ ਰਵਾਨਾ ਹੋਣਗੇ ਤਾਂ ਕੀ ਪੀਐਮ ਮੋਦੀ ਤੋਂ ਕਿਸਾਨਾਂ ਪ੍ਰਤੀ ਸਵਾਲ ਕੀਤੇ ਜਾ ਸਕਣ ਪਰ ਭਾਜਪਾ ਦੇ ਕਿਸੇ ਵੀ ਆਗੂ ਕੋਲ ਸਾਡੇ ਕਿਸਾਨਾਂ ਪ੍ਰਤੀ ਕੋਈ ਜਵਾਬ ਨਹੀਂ ਹੈਂ।ਜਲੰਧਰ 'ਚ ਪ੍ਰਧਾਨ ਮੰਤਰੀ ਨਰਿੰਦਰ ਮੋਦੀ ਦੀ ਰੈਲੀ ਪੀਏਪੀ ਵਿਖੇ ਹੋਵੇਗੀ, ਜਿਸ ਲਈ ਪੁਲਿਸ ਨੇ ਸਖਤ ਤਿਆਰੀ ਕੀਤੀ ਹੋਈ ਹੈ। ਪੁਲਿਸ ਨੂੰ ਸ਼ੱਕੀ ਕਿਸਾਨ ਜਥੇਬੰਦੀਆਂ ਜਿਨਾਂ ਵੱਲੋਂ ਪ੍ਰਧਾਨ ਮੰਤਰੀ ਨਰਿੰਦਰ ਮੋਦੀ ਦਾ ਵਿਰੋਧ ਕੀਤੇ ਜਾਣ ਦਾ ਖਦਸ਼ਾ ਹੈ, ਉਨ੍ਹਾਂ ਦੇ ਆਗੂਆਂ ਨੂੰ ਘਰਾਂ ਦੇ ਵਿੱਚ ਹੀ ਨਜ਼ਰਬੰਦ ਕਰਨਾ ਸ਼ੁਰੂ ਕੀਤਾ ਹੋਇਆ ਹੈ। ਇਨ੍ਹਾਂ ਵਿਚੋਂ ਕਈ ਜਥੇਬੰਦੀਆਂ ਜੋ ਕਿ ਦੁਆਬੇ ਦੇ ਨਾਲ ਜੁੜੀਆਂ ਹੋਈਆਂ ਹਨ। ਖਾਸ ਤੌਰ 'ਤੇ ਉਨ੍ਹਾਂ ਜਥੇਬੰਦੀਆਂ ਦੇ ਆਗੂਆਂ ਨੂੰ ਨਜ਼ਰਬੰਦ ਕੀਤਾ ਜਾ ਰਿਹਾ ਹੈ, ਜਿਨਾਂ ਨੇ ਦਿੱਲੀ ਵਿੱਚ ਕਿਸਾਨ ਅੰਦੋਲਨ ਦੌਰਾਨ ਧਰਨੇ ਲਗਾਏ ਸਨ।ਸੂਤਰਾਂ ਅਨੁਸਾਰ 25 ਤੋਂ ਵੱਧ ਕਿਸਾਨਾਂ ਨੂੰ ਘਰਾਂ ਵਿੱਚ ਹੀ ਨਜ਼ਰਬੰਦ ਕਰ ਲਿਆ ਗਿਆ ਹੈ ਅਤੇ ਘਰਾਂ ਦੇ ਵਿੱਚ ਉਨ੍ਹਾਂ ਦੇ ਫੋਨ ਵੀ ਬੰਦ ਕਰਵਾ ਦਿੱਤੇ ਗਏ ਹਨ।ਉਧਰ, ਗੁਰਦਾਸਪੁਰ 'ਚ ਪੀਐਮ ਮੋਦੀ ਦੀਨਾਨਗਰ 'ਚ ਰੈਲੀ ਨੂੰ ਸੰਬੋਧਨ ਕਰਨਗੇ। ਇਸ ਮੌਕੇ ਪ੍ਰਧਾਨ ਮੰਤਰੀ ਨੂੰ ਸਵਾਲ ਪੁੱਛਣ ਲਈ ਸੰਯੁਕਤ ਕਿਸਾਨ ਮੋਰਚਾ (ਗੈਰ ਰਾਜਨੀਤਿਕ) ਭਾਰਤ ਅਤੇ ਕਿਸਾਨ ਮਜ਼ਦੂਰ ਮੋਰਚੇ ਖਾਲਸਾ ਵੱਲੋਂ ਲਏ ਗਏ ਫੈਸਲੇ ਅਨੁਸਾਰ ਅੱਜ ਵੱਡੀ ਗਿਣਤੀ ਵਿੱਚ ਕਿਸਾਨਾਂ ਨੇ ਮੋਦੀ ਨੂੰ ਸਵਾਲ ਪੁੱਛਣ ਜਾਣਾ ਸੀ। ਪਰ ਪ੍ਰਸ਼ਾਸਨ ਦਾ ਪੂਰਾ ਜ਼ੋਰ ਲੱਗਾ ਹੋਇਆ ਹੈ ਕਿ ਕਿਸਾਨ ਆਗੂ ਰੈਲੀ ਵਾਲੀ ਜਗ੍ਹਾ 'ਤੇ ਨਾ ਪਹੁੰਚ ਸਕਣ, ਇਸ ਲਈ ਸਵੇਰੇ 6 ਵਜੇ ਹੀ ਪੰਜਾਬ ਪੁਲਿਸ ਦੇ ਮੁਲਾਜ਼ਮ ਅਤੇ ਅਧਿਕਾਰੀ ਕਿਸਾਨ ਤੇ ਜਵਾਨ ਭਲਾਈ ਯੂਨੀਅਨ ਪੰਜਾਬ ਦੇ ਪ੍ਰਧਾਨ ਸੁਖਦੇਵ ਸਿੰਘ ਭੋਜਰਾਜ ਨੂੰ ਗ੍ਰਿਫਤਾਰ ਕਰਨ ਲਈ ਉਨ੍ਹਾਂ ਦੇ ਘਰ ਪਹੁੰਚ ਗਈ। ਹਾਲਾਂਕਿ ਪੁਲਿਸ ਨੂੰ ਖਾਲੀ ਹੱਥ ਵਾਪਸ ਮੁੜਨਾ ਪਿਆ। ਕਿਉਂਕਿ ਆਗੂਆਂ ਨੂੰ ਪਤਾ ਸੀ ਕਿ ਪ੍ਰਸ਼ਾਸਨ ਅਜਿਹਾ ਕੁਝ ਕਰ ਸਕਦਾ ਹੈ।- PTC NEWSJoin Whatsapp Channel",https://www.ptcnews.tv/news-in-punjabi/pm-narendra-modi-punjab-visit-2nd-day-live-update-pm-modi-rally-live-farmer-protest-live-news-livenews-4391028,Punjabi Tribune,Edited by:KRISHAN KUMAR SHARMA
"ਹੁਣ AAP ਵਿਧਾਇਕ ਪੰਡੌਰੀ ਨੇ ਛੇੜਿਆ ਨਵਾਂ ਵਿਵਾਦ, ਵੇਖੋ ਗੁਰਬਾਣੀ ਸ਼ਬਦਾਂ ਦੀ ਕਿਵੇਂ ਕੀਤੀ ਵਿਆਖਿਆ","AAP MLA Viral Video:ਖਡੂਰ ਸਾਹਿਬ ਤੋਂ ਆਮ ਆਦਮੀ ਪਾਰਟੀ ਦੇ ਉਮੀਦਵਾਰ ਲਾਲਜੀਤ ਸਿੰਘ ਭੁੱਲਰ ਵੱਲੋਂ ਸ੍ਰੀ ਗੁਰੂ ਨਾਨਕ ਦੇਵ ਜੀ ਨਾਲ ਸਬੰਧਤ ਵਿਵਾਦ ਅਜੇ ਠੰਢਾ ਨਹੀਂ ਹੋਇਆ ਕਿ ਹੁਣ AAP ਵਿਧਾਇਕ ਕੁਲਵੰਤ ਸਿੰਘ ਪੰਡੌਰੀ ਨੇ ਇੱਕ ਹੋਰ ਨਵਾਂ ਵਿਵਾਦ ਛੇੜ ਦਿੱਤਾ ਹੈ। ਸੋਸ਼ਲ ਮੀਡੀਆ 'ਤੇ ਵਾਇਰਲ ਹੋ ਰਹੀ ਵੀਡੀਓ ਵਿੱਚ ਉਹ ਗੁਰਬਾਣੀ ਵਿਚਲੇ ਸ਼ਬਦਾਂ ਦੀ ਤੁਲਨਾ ਆਮ ਆਦਮੀ ਪਾਰਟੀ ਦੇ ਸੁਪਰੀਮੋ ਅਤੇ ਮੁੱਖ ਮੰਤਰੀ ਦਿੱਲੀ ਅਰਵਿੰਦ ਕੇਜਰੀਵਾਲ ਅਤੇ ਮੁੱਖ ਮੰਤਰੀ ਭਗਵੰਤ ਮਾਨ ਨਾਲ ਕਰਦੇ ਵੇਖੇ ਜਾ ਰਹੇ ਹਨ। ਵੀਡੀਓ ਨੂੰ ਲੈ ਕੇ ਸਿੱਖ ਮਨਾਂ ਅੰਦਰ ਰੋਸ ਪਾਇਆ ਜਾ ਰਿਹਾ ਹੈ। ਦੱਸ ਦਈਏ ਕਿ ਆਮ ਆਮ ਆਦਮੀ ਪਾਰਟੀ ਦੇ ਵਿਧਾਇਕਾਂ ਵੱਲੋਂ ਲਗਾਤਾਰ ਸਿੱਖ ਧਰਮ ਨਾਲ ਸਬੰਧਤ ਵਾਇਰਲ ਵੀਡੀਓ ਸਾਹਮਣੇ ਆ ਰਹੀਆਂ ਹਨ, ਜਿਸ ਕਾਰਨ ਸਿੱਖਾਂ 'ਚ ਰੋਸ ਹੈ।'ਆਪ' ਵਿਧਾਇਕ ਪੰਡੋਰੀ ਨੇ ਵਿਵਾਦਤ ਵੀਡੀਓ 'ਚ ਕੀ ਕਿਹਾਵਾਇਰਲ ਵੀਡੀਓ ਵਿੱਚ ਵਿਧਾਇਕ ਕੁਲਵੰਤ ਸਿੰਘ ਪੰਡੌਰੀ ਕਹਿੰਦੇ ਵੇਖੇ ਜਾ ਸਕਦੇ ਹਨ ਕਿ ਕਿਵੇਂ ਉਹ ਗੁਰਬਾਣੀ ਦੇ ਸ਼ਬਦਾਂ ਨਾਲ ਕੇਜਰੀਵਾਲ ਅਤੇ ਸੀਐਮ ਮਾਨ ਦੀ ਖੁਸ਼ਾਮਦ ਕਰਦੇ ਨਜ਼ਰ ਆ ਰਹੇ ਹਨ। ਵੀਡੀਓ ਵਿੱਚ ਉਹ ਬਾਬਾ ਸਾਹਿਬ ਅੰਬੇਦਕਰ ਬਾਰੇ ਬੋਲ ਰਹੇ ਸਨ ਤਾਂ ਇਸ ਦੌਰਾਨ ਹੀ ਉਨ੍ਹਾਂ ਉਦਾਹਰਨ ਦਿੱਤੀ ਕਿਵੈਸੇ ਤਾਂ ਗੁਰਬਾਣੀ ਵਿੱਚ ਲਿਖਿਆ ਹੈ'ਨਿਓਟਿਆਂ ਦੀ ਓਟ, ਨਿਆਸਰਿਆਂ ਦੇ ਆਸਰੇ, ਨਿਧਿਰਿਆਂ ਦੀ ਧਿਰ'...ਜੇ ਕੋਈ ਬਣਿਆ ਹੈ ਅੱਜ ਤਾਂ ਅਰਵਿੰਦ ਕੇਜਰੀਵਾਲ ਸਾਬ੍ਹ ਤੋਂ ਬਾਅਦ ਮੁੱਖ ਮੰਤਰੀ ਸਾਬ੍ਹ ਬਣੇ ਹਨ, ਜਿਨ੍ਹਾਂ ਨੇ ਉਹ ਇਤਿਹਾਸ ਰਚਿਆ ਹੈ।''View this post on InstagramA post shared by Shiromani Akali Dal (@shiromaniakalidal_)ਦੱਸ ਦਈਏ ਕਿ ਪਿਛਲੇ ਦਿਨੀ ਹੀ ਲਾਲਜੀਤ ਭੁੱਲਰ ਦੀ ਇੱਕ ਵੀਡੀਓ ਵਾਇਰਲ ਹੋਈ ਸੀ, ਜਿਸ ਵਿੱਚ ਉਹ ਕਹਿੰਦੇ ਵੇਖੇ ਗਏ ਸਨ ਕਿ, ''ਲੋਕਾਂ ਦੀ ਕੋਈ ਕਦਰ ਨਹੀਂ...ਤੇ ਸਾਧ ਸੰਗਤ ਪੱਟੀ ਹਲਕੇ ਨੂੰ...ਗੁਰੂ ਨਾਨਕ ਪਾਤਸ਼ਾਹ ਅਰਵਿੰਦ ਕੇਜਰੀਵਾਲ ਜੀ...ਆਮ ਆਦਮੀ ਪਾਰਟੀ ਨੇ ਇਹ ਜਿਹੜਾ ਮਾਣ ਬਖਸ਼ਿਆ ਹੈ...ਇਹ ਬੜਾ ਵੱਡਾ ਮਾਣ ਬਖਸ਼ਿਆ ਹੈ।'''ਸ਼੍ਰੋਮਣੀ ਅਕਾਲੀ ਦਲ ਦੀ ਸਖਤ ਪ੍ਰਤੀਕਿਰਿਆ'ਆਪ ਵਿਧਾਇਕ ਦੀ ਵਾਇਰਲ ਵੀਡੀਓ 'ਤੇ ਸ਼੍ਰੋਮਣੀ ਅਕਾਲੀ ਦਲ ਨੇ ਵੀ ਸਖਤ ਪ੍ਰਤਿਕਿਰਿਆ ਦਿੱਤੀ ਹੈ। ਸ਼੍ਰੋਮਣੀ ਅਕਾਲੀ ਦਲ ਨੇ ਆਪਣੇ ਇੰਸਟਾਗ੍ਰਾਮ 'ਤੇ ਇਸ ਵੀਡੀਓ ਨੂੰ ਸਾਂਝਾ ਕੀਤਾ ਹੈ ਅਤੇ ਲਿਖਿਆ, ''ਆਮ ਆਦਮੀ ਪਾਰਟੀ ਦੇ SC ਵਿੰਗ ਦੇ ਪ੍ਰਧਾਨ ਕੁਲਵੰਤ ਪੰਡੋਰੀ ਦੀ ਅਕਲ ਦਾ ਤਕਾਜ਼ਾ ਦੇਖਲੋ, ਕਿਵੇਂ ਕਰ ਰਹੇ ਹਨ ਗੁਰੂ ਸਾਹਿਬ ਦੇ ਸ਼ਬਦਾਂ ਦੀ ਤੁਲਨਾ ਕੇਜਰੀਵਾਲ ਤੇ ਭਗਵੰਤ ਮਾਨ ਨਾਲ, ਆਏ ਦਿਨ ਆਪ ਆਗੂਆਂ ਵੱਲੋਂ ਜਾਣ ਬੁੱਝ ਕੇ ਸਿੱਖ ਸੰਗਤਾਂ ਦੇ ਹਿਰਦਿਆਂ ਨੂੰ ਠੇਸ ਪਹੁੰਚਾਉਣ ਵਾਸਤੇ ਅਜਿਹਾ ਕਾਰਾ ਕੀਤਾ ਜਾਂਦਾ ਹੈ।'''ਆਪ' ਵਿਧਾਇਕ ਖਿਲਾਫ ਸਿੱਖ ਪਰੰਪਰਾਵਾਂ ਖਿਲਾਫ ਹੋਵੇਗੀ ਕਾਰਵਾਈਉਧਰ, ਇਸ ਵੀਡੀਓ ਦੇ ਵਾਇਰਲ ਹੋਣ 'ਤੇ ਸ੍ਰੀ ਅਕਾਲ ਤਖਤ ਸਾਹਿਬ ਦੇ ਗਿਆਨੀ ਰਘਬੀਰ ਸਿੰਘ ਨੇ ਵੀ ਸਖਤ ਇਤਰਾਜ਼ ਜਤਾਇਆ ਹੈ। ਉਨ੍ਹਾਂ ਕਿਹਾ ਹੈ ਵਿਧਾਇਕ ਕੁਲਵੰਤ ਸਿੰਘ ਪੰਡੌਰੀ ਵੱਲੋਂ ਸ਼ਬਦਾਂ ਦੀ ਅਜਿਹੀ ਵਿਆਖਿਆ ਲਈ ਆਪ ਵਿਧਾਇਕ ਖਿਲਾਫ ਸਿੱਖ ਪਰੰਪਰਾਵਾਂ ਅਨੁਸਾਰ ਕਾਰਵਾਈ ਕੀਤੀ ਜਾਵੇਗੀ।- PTC NEWSJoin Whatsapp Channel",https://www.ptcnews.tv/news-in-punjabi/aam-aadmi-party-mla-kulwant-singh-pandoris-controversial-viral-video-4390966,Punjabi Tribune,Edited by:KRISHAN KUMAR SHARMA
"17 ਸਾਲਾ ਮੁੰਡੇ ਨੇ BJP ਨੂੰ 8 ਵਾਰੀ ਪਾਈ ਵੋਟ, ਵੀਡੀਓ ਵਾਇਰਲ, ਪੁਲਿਸ ਨੇ ਕੀਤਾ ਗ੍ਰਿਫ਼ਤਾਰ","8 Times vote cast viral Video:ਉਤਰਪ੍ਰਦੇਸ਼ ਦੇ ਫਾਰੂਖਾਬਾਦ ਲੋਕ ਸਭਾ ਸੀਟ (Farrukhabad Lok Sabha) ਅਧੀਨ ਇੱਕ ਪੋਲਿੰਗ ਬੂਥ 'ਤੇ ਵੋਟ ਪਾਉਣ ਦਾ ਇੱਕ ਅਨੋਖਾ ਮਾਮਲਾ ਸਾਹਮਣੇ ਆਇਆ ਹੈ। ਇਥੇ 13 ਮਈ ਨੂੰ ਪਈਆਂ Lok Sabha Election 2024 ਲਈ ਚੌਥੇ ਗੇੜ ਦੀਆਂ ਵੋਟਾਂ ਦੌਰਾਨ ਇੱਕ 17 ਸਾਲਾ ਨੌਜਵਾਨ ਨੇ 8 ਵਾਰੀ ਵੋਟ ਪਾਈ। ਵਾਇਰਲ ਵੀਡੀਓ ਵਿੱਚ ਨੌਜਵਾਨ ਭਾਰਤੀ ਜਨਤਾ ਪਾਰਟੀ (BJP) ਨੂੰ ਵੋਟ ਪਾਉਂਦਾ ਵਿਖਾਈ ਦੇ ਰਿਹਾ ਹੈ।ਨੌਜਵਾਨ 'ਤੇ ਐਫਆਈਆਰ ਦਰਜਜਾਣਕਾਰੀ ਦਿੰਦੇ ਹੋਏ ਯੂਪੀ ਦੇ ਮੁੱਖ ਚੋਣ ਅਧਿਕਾਰੀ ਨਵਦੀਪ ਰਿਣਵਾ ਨੇ ਦੱਸਿਆ ਕਿ ਘਟਨਾ ਦੀ ਐਫਆਈਆਰ ਆਈਪੀਸੀ ਦੀ ਧਾਰਾ 171-ਐਫ ਅਤੇ 419, ਆਰਪੀ ਐਕਟ 951 ਦੀਆਂ ਧਾਰਾਵਾਂ 128, 132 ਅਤੇ 136 ਦੇ ਤਹਿਤ ਈਟਾ ਜ਼ਿਲ੍ਹੇ ਦੇ ਨਯਾਗਾਓਂ ਥਾਣੇ ਵਿੱਚ ਦਰਜ ਕੀਤੀ ਗਈ ਹੈ। ਵੀਡੀਓ 'ਚ ਕਈ ਵਾਰ ਵੋਟ ਪਾਉਂਦੇ ਨਜ਼ਰ ਆਏ ਵਿਅਕਤੀ ਦੀ ਪਛਾਣ ਰਾਜਨ ਸਿੰਘ ਪੁੱਤਰ ਅਨਿਲ ਸਿੰਘ ਵਾਸੀ ਪਿੰਡ ਖੀਰੀਆ ਪਮਾਰਾਂ ਵਜੋਂ ਹੋਈ ਹੈ, ਜਿਸਨੂੰ ਪੁਲਿਸ ਨੇ ਗ੍ਰਿਫਤਾਰ ਕਰ ਲਿਆ ਹੈ।ਉਨ੍ਹਾਂ ਇਹ ਵੀ ਕਿਹਾ ਕਿ ਪੋਲਿੰਗ ਪਾਰਟੀ ਦੇ ਸਾਰੇ ਮੈਂਬਰਾਂ ਨੂੰ ਮੁਅੱਤਲ ਕਰਨ ਅਤੇ ਉਨ੍ਹਾਂ ਵਿਰੁੱਧ ਅਨੁਸ਼ਾਸਨੀ ਕਾਰਵਾਈ ਕਰਨ ਦੀਆਂ ਹਦਾਇਤਾਂ ਜਾਰੀ ਕੀਤੀਆਂ ਗਈਆਂ ਹਨ। ਚੋਣ ਕਮਿਸ਼ਨ ਨੂੰ ਸਬੰਧਤ ਪੋਲਿੰਗ ਸਟੇਸ਼ਨ ’ਤੇ ਮੁੜ ਪੋਲਿੰਗ ਕਰਵਾਉਣ ਦੀ ਸਿਫ਼ਾਰਸ਼ ਕੀਤੀ ਗਈ ਹੈ। ਯੂਪੀ ਦੇ ਬਾਕੀ ਗੇੜਾਂ ਦੇ ਸਾਰੇ ਜ਼ਿਲ੍ਹਾ ਚੋਣ ਅਫ਼ਸਰਾਂ ਨੂੰ ਵੋਟਰਾਂ ਦੀ ਸ਼ਨਾਖ਼ਤ ਸਬੰਧੀ ਪ੍ਰਕਿਰਿਆ ਦੀ ਸਖ਼ਤੀ ਨਾਲ ਪਾਲਣਾ ਕਰਨ ਲਈ ਸਖ਼ਤ ਹਦਾਇਤਾਂ ਜਾਰੀ ਕੀਤੀਆਂ ਗਈਆਂ ਹਨ।अपनी हार सामने देख कर भाजपा जनादेश को झुठलाने के लिए सरकारी तंत्र पर दबाव बना कर लोकतंत्र को लूटना चाहती है।कांग्रेस चुनावी ड्यूटी कर रहे सभी अधिकारियों से यह अपेक्षा करती है कि वो सत्ता के दबाव के सामने अपनी संवैधानिक ज़िम्मेदारी न भूलें।वरना INDIA की सरकार बनते ही ऐसी…https://t.co/fk4wXL8QZy—Rahul Gandhi(@RahulGandhi)May 19, 2024ਸਪਾ ਪ੍ਰਮੁੱਖ ਅਖਿਲੇਸ਼ ਯਾਦਵ ਅਤੇ ਵਾਇਨਾਡ ਤੋਂ ਸੰਸਦ ਮੈਂਬਰ ਰਾਹੁਲ ਗਾਂਧੀ ਨੇ ਵੀ ਵੀਡੀਓ ਨੂੰ ਆਪਣੇ ਟਵਿੱਟਰ ਐਕਸ 'ਤੇ 2 ਮਿੰਟ 19 ਸੈਕਿੰਡ ਦੀ ਇਸ ਵੀਡੀਓ ਨੂੰ ਸਾਂਝਾ ਕੀਤਾ ਹੈ।ਵਾਇਰਲ ਵੀਡੀਓ ਵਿੱਚ ਮੁਲਜ਼ਮ ਵੱਖ-ਵੱਖ ਸਮੇਂ ਦੇ ਫਰਕ 'ਚ ਵੱਖ-ਵੱਖ ਆਈਡੀ ਕਾਰਡਾਂ ਨੂੰ ਵਿਖਾਉਂਦੇ ਹੋਏ ਭਾਜਪਾ ਉਮੀਦਵਾਰ ਮੁਕੇਸ਼ ਰਾਜਪੂਤ ਦੀ ਫੋਟੋ ਅਤੇ ਕਮਲ ਦੇ ਚਿੰਨ੍ਹ ਦੇ ਸਾਹਮਣੇ ਈਵੀਐਮ ਬਟਨ ਦਬਾਉਂਦੇ ਹੋਏ ਦਿਖਾਈ ਦੇ ਰਿਹਾ ਹੈ।- PTC NEWSJoin Whatsapp Channel",https://www.ptcnews.tv/news-in-punjabi/17-year-old-youth-voted-for-bjp-8-times-in-farrukhabad-of-up-video-went-viral-4390777,Punjabi Tribune,Edited by:KRISHAN KUMAR SHARMA
"ਅੱਜ ਸੋਨੀਆ, ਰਾਹੁਲ ਅਤੇ ਪ੍ਰਿਅੰਕਾ ਨੇ ਪਹਿਲੀ ਵਾਰ ਕਾਂਗਰਸ ਨੂੰ ਨਹੀਂ ਪਾਈ ਵੋਟ, ਇੱਥੇ ਪੜ੍ਹੋ ਪੂਰੀ ਖ਼ਬਰ","Sonia Gandhi, Rahul Gandhi and Priyanka Cast Vote:ਲੋਕ ਸਭਾ ਚੋਣਾਂ ਦੇ ਛੇਵੇਂ ਪੜਾਅ 'ਚ ਦਿੱਲੀ ਦੀਆਂ ਸੱਤ ਸੰਸਦੀ ਸੀਟਾਂ 'ਤੇ ਵੋਟਿੰਗ ਹੋ ਰਹੀ ਹੈ। ਇਸ ਵਾਰ ਦੀਆਂ ਆਮ ਚੋਣਾਂ ਕਾਂਗਰਸ ਅਤੇ ਖਾਸ ਕਰਕੇ ਗਾਂਧੀ ਪਰਿਵਾਰ ਲਈ ਬਹੁਤ ਖਾਸ ਹਨ। ਦਰਅਸਲ, ਇਹ ਪਹਿਲੀ ਵਾਰ ਹੋਵੇਗਾ ਜਦੋਂ ਗਾਂਧੀ ਪਰਿਵਾਰ ਨੇ ਆਮ ਚੋਣਾਂ ਵਿੱਚ ਆਪਣੀ ਪਾਰਟੀ ਭਾਵ ਕਾਂਗਰਸ ਨੂੰ ਵੋਟ ਨਹੀਂ ਪਾਈ ਹੋਵੇਗੀ। ਦੱਸ ਦਈਏ ਕਿ ਸੋਨੀਆ ਗਾਂਧੀ, ਪ੍ਰਿਅੰਕਾ ਗਾਂਧੀ ਅਤੇ ਰਾਹੁਲ ਗਾਂਧੀ ਦਿੱਲੀ ਦੇ ਵੋਟਰ ਹਨ ਅਤੇ ਨਵੀਂ ਦਿੱਲੀ ਲੋਕ ਸਭਾ ਸੀਟ 'ਤੇ ਆਪਣੀ ਵੋਟ ਦਾ ਇਸਤੇਮਾਲ ਕੀਤਾ।ਪਿਛਲੀਆਂ ਕਈ ਆਮ ਚੋਣਾਂ ਤੋਂ ਕਾਂਗਰਸ ਇਸ ਸੀਟ ਤੋਂ ਆਪਣਾ ਉਮੀਦਵਾਰ ਖੜ੍ਹਾ ਕਰਦੀ ਆ ਰਹੀ ਹੈ। ਪਰ ਇਸ ਵਾਰ ਅਜਿਹਾ ਨਹੀਂ ਹੈ। ਆਮ ਆਦਮੀ ਪਾਰਟੀ (ਆਪ) ਅਤੇ ਕਾਂਗਰਸ, ਵਿਰੋਧੀ ਗਠਜੋੜ 'ਇੰਡੀਆ' (ਇੰਡੀਅਨ ਨੈਸ਼ਨਲ ਡਿਵੈਲਪਮੈਂਟਲ ਇਨਕਲੂਸਿਵ ਅਲਾਇੰਸ) ਦੀਆਂ ਸਹਿਯੋਗੀ ਪਾਰਟੀਆਂ ਦਿੱਲੀ ਵਿੱਚ ਇਕੱਠੇ ਚੋਣ ਲੜ ਰਹੀਆਂ ਹਨ। ਦਿੱਲੀ 'ਚ ਇਹ ਪਹਿਲੀ ਲੋਕ ਸਭਾ ਚੋਣ ਹੈ, ਜਿਸ 'ਚ 'ਆਪ' ਅਤੇ ਕਾਂਗਰਸ ਨੇ ਭਾਜਪਾ ਵਿਰੁੱਧ ਸਾਂਝੇ ਉਮੀਦਵਾਰ ਖੜ੍ਹੇ ਕੀਤੇ ਹਨ।ਸੀਟ ਵੰਡ ਪ੍ਰਣਾਲੀ ਤਹਿਤ 'ਆਪ' ਚਾਰ ਸੀਟਾਂ 'ਤੇ ਅਤੇ ਕਾਂਗਰਸ ਤਿੰਨ ਸੀਟਾਂ 'ਤੇ ਚੋਣ ਲੜ ਰਹੀ ਹੈ। ਕਾਂਗਰਸ ਅਤੇ 'ਆਪ' ਦੇ ਗਠਜੋੜ ਤਹਿਤ ਸੀਟਾਂ ਦੀ ਵੰਡ ਹੋਈ ਹੈ। ਇਸ ਤਹਿਤ ਨਵੀਂ ਦਿੱਲੀ ਸੀਟ ਆਮ ਆਦਮੀ ਪਾਰਟੀ ਕੋਲ ਹੈ। ਇਸ ਸੀਟ ਤੋਂ ਆਮ ਆਦਮੀ ਪਾਰਟੀ ਨੇ ਸੋਮਨਾਥ ਭਾਰਤੀ ਨੂੰ ਆਪਣਾ ਉਮੀਦਵਾਰ ਬਣਾਇਆ ਹੈ।  ਗਠਜੋੜ ਕਾਰਨ ਕਾਂਗਰਸ ਨੇ ਨਵੀਂ ਦਿੱਲੀ ਲੋਕ ਸਭਾ ਸੀਟ ਤੋਂ ਆਪਣਾ ਉਮੀਦਵਾਰ ਨਹੀਂ ਉਤਾਰਿਆ ਹੈ। ਅਜਿਹੇ 'ਚ ਇਸ ਵਾਰ ਗਾਂਧੀ ਪਰਿਵਾਰ 'ਆਪ' ਪਾਰਟੀ ਦੇ ਉਮੀਦਵਾਰ ਸੋਮਨਾਥ ਭਾਰਤੀ ਨੂੰ ਵੋਟ ਪਾਵੇਗਾ।ਕਾਬਿਲੇਗੌਰ ਹੈ ਕਿ ਭਾਜਪਾ ਨੇ 2014 ਅਤੇ 2019 ਦੀਆਂ ਆਮ ਚੋਣਾਂ ਵਿੱਚ ਦਿੱਲੀ ਦੀਆਂ ਸਾਰੀਆਂ ਸੱਤ ਸੀਟਾਂ ਵੱਡੇ ਫਰਕ ਨਾਲ ਜਿੱਤੀਆਂ ਸਨ ਅਤੇ ਇਸ ਦਾ ਟੀਚਾ ਲਗਾਤਾਰ ਤੀਜੀ ਵਾਰ ਸਾਰੀਆਂ ਸੀਟਾਂ ਜਿੱਤਣ ਦਾ ਹੈ।ਇਹ ਵੀ ਪੜ੍ਹੋ:Lok Sabha Election 2024 Phase 6: ਹਰਿਆਣਾ ਤੇ ਦਿੱਲੀ ਦੀਆਂ ਸਾਰੀਆਂ ਸੀਟਾਂ ’ਤੇ ਵੋਟਿੰਗ ਜਾਰੀ; 9 ਵਜੇ ਤੱਕ 10.82% ਹੋਈ ਵੋਟਿੰਗ- PTC NEWSJoin Whatsapp Channel",https://www.ptcnews.tv/news-in-punjabi/lok-sabha-election-2024-sonia-gandhi-rahul-and-priyanka-did-not-vote-for-congress-4391071,Punjabi Tribune,Edited by:Aarti
'ਕਿਸਾਨ ਜਥੇਬੰਦੀਆਂ ਨੂੰ ਮੇਰੀ ਬੇਨਤੀ ਆਪਣੇ ਲੋਕਾਂ ਨੂੰ ਜੇ ਸਮਝਾ ਸਕਦੇ...' ਕਿਸਾਨਾਂ ਵੱਲੋਂ ਵਿਰੋਧ 'ਤੇ ਭਾਵੁਕ ਹੋਏ ਹੰਸ ਰਾਜ ਹੰਸ,"Hans Raj Hans in Moga :ਕਿਸਾਨ ਜਥੇਬੰਦੀਆਂ ਵੱਲੋਂ ਕੱਲ ਪਟਿਆਲਾ ਵਿੱਚ ਭਾਰਤ ਦੇ ਪ੍ਰਧਾਨ ਮੰਤਰੀ ਨਰਿੰਦਰ ਮੋਦੀ ਦੀ ਪਟਿਆਲਾ ਰੈਲੀ ਚ ਸ਼ਾਮਿਲ ਹੋਣ ਜਾ ਰਹੇ ਹੰਸਰਾਜ ਹੰਸ ਨੂੰ ਰੋਕੇ ਜਾਣ ਤੋਂ ਬਾਅਦ ਅੱਜ ਮੋਗਾ 'ਚ ਇੱਕ ਸਮਾਗਮ 'ਚ ਪਹੁੰਚੇ। ਪਿੰਡ ਦੌਲਤਪੁਰਾ ਉੱਚਾ ਵਿੱਚ ਰੱਖੇ ਗਏ ਸਮਾਗਮ ਦਰਮਿਆਨ ਲੋਕ ਸਭਾ ਸੀਟ ਤੋਂ ਫਰੀਦਕੋਟ ਤੋਂ ਉਮੀਦਵਾਰ ਹੰਸ ਰਾਜ ਹੰਸ ਰੱਖੇ ਸਮਾਗਮ ਦਰਮਿਆਨ ਗੱਲਾਂ ਕਰਦੇ ਕਰਦੇ ਭਾਵੁਕ ਹੋ ਗਏ। ਉਨ੍ਹਾਂ ਬੀਤੇ ਦਿਨ ਪੀਐਮ ਮੋਦੀ ਦੀ ਰੈਲੀ 'ਚ ਪਹੁੰਚਣ ਦੌਰਾਨ ਕਿਸਾਨਾਂ ਵੱਲੋਂ ਆਪਣੇ ਵਿਰੋਧ 'ਤੇ ਕਿਹਾ ਮੈਂ ਸਿਰਫ ਗਰੀਬਾਂ ਲਈ ਆਇਆ, ਮੈਂ ਕਿਸਾਨਾਂ ਲਈ ਵੀ ਆਇਆ, ਮੈਂ ਵਪਾਰੀਆਂ ਦੇ ਲਈ ਵੀ ਆਇਆ। ਮੈਂ ਹੱਥ ਜੋੜ ਕੇ ਬੇਨਤੀ ਕਰਦਾ ਕਿ ਮੇਰਾ ਐਸਾ ਕੋਈ ਇਰਾਦਾ ਨਹੀਂ ਹੈ, ਮੈਂ ਨਹੀਂ ਚਾਹੁੰਦਾ, ਮੇਰਾ ਡਰਾਈਵਰ ਮੇਰੇ ਬੇਟੇ ਵਰਗਾ ਆ, ਉਹਨੂੰ ਕੁਝ ਹੋਵੇ। ਉਨ੍ਹਾਂ ਕਿਸਾਨਾਂ ਨੂੰ ਕਿਹਾ ਕਿ ਮੈਨੂੰ ਕਿਸੇ ਕੱਲੀ ਜਗ੍ਹਾ ਬੁਲਾ ਲਿਓ, ਮੈਂ ਬਿਨਾਂ ਡਰੇ ਗੱਲ ਕਰਾਂਗਾ, ਮੈਨੂੰ ਜੋ ਕਹੋਗੇ ਕਰਾਂਗਾ, ਮੇਰਾ ਸਿਰ ਹਾਜ਼ਰ ਹੈ। ਮੈਂ ਮੌਤ ਨਹੀਂ ਡਰਦਾ, ਭਾਵੇਂ ਮੇਰੀ ਵੀਡੀਓ ਦੇਖ ਲਿਓ, ਜੇ ਮੇਰੇ ਚਿਹਰੇ 'ਤੇ ਕੋਈ ਖੌਫ ਹੋਵੇ।ਉਨ੍ਹਾਂ ਕਿਹਾ ਕਿਮੈਂ ਮੈਂਟਲੀ ਤੌਰ 'ਤੇ ਪੂਰੀ ਤਰ੍ਹਾਂ ਤਿਆਰ ਹੋ ਗਿਆ ਸੀ ਅਤੇ ਦਿਮਾਗੀ ਤੌਰ 'ਤੇ ਮੈਂ ਸੋਚ ਰਿਹਾ ਸੀ ਕਿ ਟਾਈਮ ਆ ਗਿਆ ਹੁਣ, ਪਰ ਇਹ ਬਲੀਦਾਨ ਅੱਜ ਦੇਣਾ ਪੈਣਾ ਕਿਉਂਕਿ ਕਿਰਪਾਨਾਂ ਬਰਛੀਆਂ ਨਿਕਲ ਗਈਆਂ ਸੀ। ਗੱਡੀ ਤੋੜ ਦਿੱਤੀ ਗਈ ਸੀ ਅਤੇ ਦੋ ਬੰਦੇ ਜਖਮੀ ਹੋ ਗਏ ਸੀ। ਮੈਂ ਨਹੀਂ ਚਾਹੁੰਦਾ ਸੀ ਮੇਰੀ ਫੋਰਸ ਵੱਲੋਂ ਕੋਈ ਐਸੀ ਗੱਲ ਹੋ ਜਾਏ, ਜਿਹਦੇ ਨਾਲ ਕੰਮ ਵੱਧ ਜਾਏ। ਉਨ੍ਹਾਂ ਕਿਹਾ ਕਿ ਹੱਥ ਜੋੜ ਕੇ ਮੇਰੀ ਬੇਨਤੀ ਹੈ ਪਿੰਡਾਂ 'ਚ ਭਾਈਚਾਰਕ ਸਾਂਝ ਬਣਾਈ ਰੱਖੋ, ਕਿਸਾਨ ਜਥੇਬੰਦੀਆਂ ਨੂੰ ਮੇਰੀ ਬੇਨਤੀ ਆਪਣੇ ਲੋਕਾਂ ਨੂੰ ਜੇ ਸਮਝਾ ਸਕਦੇ ਹਾਂ...ਮੈਂ ਕਿਸਾਨਾਂ ਬਾਰੇ ਕਦੀ ਗਲਤ ਨਹੀਂ ਬੋਲਿਆ, ਜੇ ਕੋਈ ਗਲਤ ਤਰਜਮਾ ਉਹਦਾ ਹੋਇਆ, ਕਿਸੇ ਦਾ ਦਿਲ ਦੁਖਿਆ ਤੇ ਮੈਂ ਮਾਫੀ ਮੰਗਦਾ ਹਾਂ, ਤੁਸੀਂ ਖੁਸ਼ ਰਹੋ।ਉਨ੍ਹਾਂ ਕਿਹਾ ਕਿ ਬੀਤੇ ਦਿਨ ਮੈਂ ਪ੍ਰਧਾਨ ਮੰਤਰੀ ਮੋਦੀ ਨੂੰ ਰੈਲੀ ਵਿੱਚ ਮਿਲਿਆ ਅਤੇ ਉਨ੍ਹਾਂ ਨੇ ਵੀ ਮੈਨੂੰ ਭਰੋਸਾ ਦਿੱਤਾ ਹੈ ਕਿ ਜਿਹੜੀ ਗੱਲ ਜਾਂ ਵਾਅਦਾ ਤੁਸੀ ਕਰੋਗੇ, ਉਹ ਪੂਰਾ ਹੋਵੇਗਾ।- PTC NEWSJoin Whatsapp Channel",https://www.ptcnews.tv/news-in-punjabi/bjp-faridkot-candidate-ls-election-2024-hans-raj-hans-said-in-moga-i-have-never-spoken-wrongly-about-farmers-4391039,Punjabi Tribune,Edited by:KRISHAN KUMAR SHARMA
"AAP ਲੀਡਰਾਂ 'ਤੇ ਮੇਰੇ ਲਈ ਗੰਦੀਆਂ ਗੱਲਾਂ ਅਤੇ ਫੋਟੋਆਂ ਲੀਕ ਕਰਨ ਦਾ ਦਬਾਅ, ਸਵਾਤੀ ਮਾਲੀਵਾਲ ਦਾ ਦਾਅਵਾ","Bibhav Kumar Assault Swati Maliwal Case:ਆਮ ਆਦਮੀ ਪਾਰਟੀ (AAP) ਦੀ ਰਾਜ ਸਭਾ ਮੈਂਬਰ ਸਵਾਤੀ ਮਾਲੀਵਾਲ (MP Swati Maliwal) ਨੇ ਮੁੱਖ ਮੰਤਰੀ ਅਰਵਿੰਦ ਕੇਜਰੀਵਾਲ (CMArvind Kejriwal) ਦੇ ਪੀਐਸ ਬਿਭਵ ਕੁਮਾਰ ਵੱਲੋਂ ਆਪਣੀ ਕੁੱਟਮਾਰ ਮਾਮਲੇ 'ਚ ਵੱਡਾ ਦਾਅਵਾ ਕੀਤਾ ਹੈ। ਸਵਾਤੀ ਮਾਲੀਵਾਲ ਨੇ ਦਾਅਵਾ ਕੀਤਾ ਕਿ ਕੱਲ ਉਨ੍ਹਾਂ ਨੂੰ ਪਾਰਟੀ ਦੇ ਹੀ ਇੱਕ ਵੱਡੇ ਲੀਡਰ ਦਾ ਫੋਨ ਆਇਆ, ਜਿਸ ਵਿੱਚ ਲੀਡਰ ਨੇ ਕਿਹਾ ਕਿ ਸਾਰਿਆਂ 'ਤੇ ਇਸ ਗੱਲ ਦਾ ਬਹੁਤ ਜ਼ਿਆਦਾ ਹੈ ਕਿ ਕਿਵੇਂ ਸਵਾਤੀ ਮਾਲੀਵਾਲ ਨੂੰ ਤੋੜਨਾ ਹੈ। ਇਸ ਦੇ ਨਾਲ ਹੀ ਜਿਹੜਾ ਸਵਾਤੀ ਮਾਲੀਵਾਲ ਦਾ ਸਾਥ ਦੇਵੇਗਾ, ਉਸ ਨੂੰ ਆਮ ਆਦਮੀ ਪਾਰਟੀ ਵਿਚੋਂ ਕੱਢ ਦਿੱਤਾ ਜਾਵੇਗਾ।'ਸਵਾਤੀ ਨੂੰ ਨਿੱਜੀ ਤਸਵੀਰਾਂ ਕਰਕੇ ਤੋੜਨਾ ਹੈ'ਸਵਾਤੀ ਮਾਲੀਵਾਲ ਨੇ ਇਹ ਦਾਅਵਾ ਆਪਣੇ ਟਵਿੱਟਰ ਐਕਸ ਖਾਤੇ 'ਤੇ ਪੋਸਟ ਸਾਂਝੀ ਕਰਕੇ ਕੀਤਾ ਹੈ। ਸਵਾਤੀ ਮਾਲੀਵਾਲ ਨੇ ਕਿਹਾ, ''ਕੱਲ ਪਾਰਟੀ ਦੇ ਇੱਕ ਵੱਡੇ ਨੇਤਾ ਦਾ ਫੋਨ ਆਇਆ। ਉਸ ਨੇ ਦੱਸਿਆ ਕਿਵੇਂ ਸਾਰਿਆਂ 'ਤੇ ਬਹੁਤ ਜ਼ਿਆਦਾ ਦਬਾਅ ਹੈ, ਸਵਾਤੀ ਦੇ ਖਿਲਾਫ ਗੰਦੀਆਂ ਗੱਲਾਂ ਬੋਲਣੀਆਂ ਹਨ, ਉਸ ਦੀ ਨਿੱਜੀ ਤਸਵੀਰਾਂ ਲੀਕ ਕਰਕੇ ਉਸ ਨੂੰ ਤੋੜਨਾ ਹੈ। ਇਹ ਬੋਲਿਆ ਜਾ ਰਿਹਾ ਹੈ ਕਿ ਜਿਹੜਾ ਉਸ ਦਾ ਸਾਥ ਦੇਵੇਗਾ, ਉਸ ਨੂੰ ਪਾਰਟੀ ਵਿਚੋਂ ਕੱਢ ਦੇਵਾਂਗੇ। ਕਿਸੇ ਨੂੰ ਪ੍ਰੈਸ ਕਾਨਫਰੰਸ ਕਰਨ ਦੀ ਅਤੇ ਕਿਸੇ ਨੂੰ ਟਵੀਟ ਕਰਨ ਦੀ ਡਿਊਟੀ ਮਿਲੀ ਹੈ। ਕਿਸੇ ਦੀ ਡਿਊਟੀ ਹੈ ਕਿ ਅਮਰੀਕਾ 'ਚ ਬੈਠੇ ਵਲੰਟੀਅਰਾਂ ਨੂੰ ਫੋਨ ਕਰਕੇ ਮੇਰੇ ਖਿਲਾਫ ਕੁੱਝ ਕਢਵਾਉਣਾ (ਬੁਲਵਾਉਣਾ)। ਆਰੋਪੀ ਦੇ ਕੁੱਝ ਕਰੀਬੀ ਬੀਟ ਰਿਪੋਰਟ ਦੀ ਡਿਊਟੀ ਹੈ ਕੁੱਝ ਫਰਜ਼ੀ ਸਟਿੰਗ ਅਪ੍ਰੇਸ਼ਨ ਬਣਾ ਕੇ ਲਿਆਓ।''कल पार्टी के एक बड़े नेता का फोन आया। उसने बताया कैसे सब पर बहुत ज़्यादा दबाव है, स्वाति के ख़िलाफ़ गंदी बातें बोलनी हैं, उसकी पर्सनल फ़ोटोज़ लीक करके उसे तोड़ना है। ये बोला जा रहा है कि जो उसको सपोर्ट करेगा उसको पार्टी से निकाल देंगे। किसी को PC करने की और किसी को ट्वीट्स करने… — Swati Maliwal (@SwatiJaiHind)May 22, 2024ਸਵਾਤੀ ਮਾਲੀਵਾਲ ਨੇ ਅੱਗੇ ਕਿਹਾ ਕਿ ਜਵਾਬ ਦਿੰਦਿਆਂ ਆਪਣੇ ਖਿਲਾਫ਼ ਬੋਲਣ ਵਾਲਿਆਂ ਨੂੰ ਜਵਾਬ ਦਿੱਤਾ ਹੈ ਕਿ ਤੁਸੀ ਹਜ਼ਾਰਾਂ ਦੀ ਫੌਜ ਖੜੀ ਕਰ ਦਿਓ, ਮੈਂ ਇਕੱਲੀ ਸਾਹਮਣਾ ਕਰਾਂਗੀ, ਕਿਉਂਕਿ ਸੱਚ ਮੇਰੇ ਨਾਲ ਹੈ।ਉਸ ਨੇ ਅੱਗੇ ਕਿਹਾ, ''ਮੈਨੂੰ ਉਨ੍ਹਾਂ ਨਾਲ ਕੋਈ ਨਰਾਜ਼ਗੀ ਨਹੀਂ ਹੈ, ਦੋਸ਼ੀ ਬਹੁਤ ਤਾਕਤਵਰ ਆਦਮੀ ਹੈ। ਵੱਡੇ ਤੋਂ ਵੱਡੇ ਨੇਤਾ ਵੀ ਉਸ ਤੋਂ ਡਰਦੇ ਹਨ। ਉਸ ਵਿਰੁੱਧ ਸਟੈਂਡ ਲੈਣ ਦੀ ਹਿੰਮਤ ਕਿਸੇ ਵਿਚ ਨਹੀਂ ਸੀ। ਮੈਨੂੰ ਕਿਸੇ ਤੋਂ ਕੋਈ ਉਮੀਦ ਨਹੀਂ। ਦੁੱਖ ਇਸ ਗੱਲ ਦਾ ਹੋਇਆ ਕਿ ਦਿੱਲੀ ਦੀ ਮਹਿਲਾ ਮੰਤਰੀ ਪਾਰਟੀ ਦੀ ਪੁਰਾਣੀ ਮਹਿਲਾ ਸਾਥੀ ਦੇ ਕਿਰਦਾਰ ਦਾ ਹੱਸਦੇ-ਹੱਸਦੇ ਚਰਿੱਤਰਹਰਣ ਕਰ ਰਹੀ ਹੈ।''ਸਵਾਤੀ ਮਾਲੀਵਾਲ ਅਖੀਰ ਕਿਹਾ, ''ਮੈਂ ਆਪਣੇ ਸਵੈ-ਮਾਣ ਦੀ ਲੜਾਈ ਸ਼ੁਰੂ ਕੀਤੀ ਹੈ, ਮੈਂ ਇਨਸਾਫ਼ ਮਿਲਣ ਤੱਕ ਲੜਦਾ ਰਹਾਂਗਾ। ਮੈਂ ਇਸ ਲੜਾਈ ਵਿੱਚ ਪੂਰੀ ਤਰ੍ਹਾਂ ਇਕੱਲੀ ਹਾਂ ਪਰ ਮੈਂ ਹਾਰ ਨਹੀਂ ਮੰਨਾਂਗੀ।''- PTC NEWSJoin Whatsapp Channel",https://www.ptcnews.tv/news-in-punjabi/swati-maliwal-claims-pressure-on-aap-leaders-to-leak-dirty-talk-and-photos-to-me-in-bibhav-case-4390898,Punjabi Tribune,Edited by:KRISHAN KUMAR SHARMA
AAP MLA ਪੰਡੋਰੀ ਨੇ ਅਰਦਾਸ ਦੇ ਸ਼ਬਦ ਸਿਆਸੀ ਆਕਾਵਾਂ ਦੀ ਖੁਸ਼ਾਮਦ 'ਚ ਵਰਤ ਕੇ ਬੇਸ਼ਰਮੀ ਦੀ ਹੱਦ ਟੱਪੀ: ਜਥੇਦਾਰ ਸ੍ਰੀ ਅਕਾਲ ਤਖ਼ਤ ਸਾਹਿਬ,"ਅੰਮ੍ਰਿਤਸਰ:ਸ੍ਰੀ ਅਕਾਲ ਤਖ਼ਤ ਸਾਹਿਬ ਦੇ ਜਥੇਦਾਰ ਸਿੰਘ ਸਾਹਿਬ ਗਿਆਨੀ ਰਘਬੀਰ ਸਿੰਘ ਨੇ ਮਹਿਲ ਕਲਾਂ ਤੋਂ ਆਮ ਆਦਮੀ ਪਾਰਟੀ ਦੇ ਵਿਧਾਇਕ ਕੁਲਵੰਤ ਸਿੰਘ ਪੰਡੋਰੀ ਵਲੋਂ ਅਰਦਾਸ ਦੇ ਸ਼ਬਦਾਂ ਨੂੰ ਤੋੜ-ਮਰੋੜ ਦੇ ਸਿਆਸੀ ਆਕਾਵਾਂ ਦੀ ਖੁਸ਼ਾਮਦ ਵਿਚ ਵਰਤਣ ਦੀ ਘਟਨਾ ਦਾ ਸਖਤ ਨੋਟਿਸ ਲੈਂਦਿਆਂ ਇਸ ਨੂੰ ਬੇਸ਼ਰਮੀ ਭਰੀ ਕਾਰਵਾਈ ਕਰਾਰ ਦਿੱਤਾ ਹੈ।ਅਰਦਾਸ ਨੂੰ ਲੈ ਕੇ ਕੀ ਬੋਲੇ ਪੰਡੋਰੀ?ਸ੍ਰੀ ਅਕਾਲ ਤਖ਼ਤ ਸਾਹਿਬ ਸਕੱਤਰੇਤ ਤੋਂ ਜਾਰੀ ਬਿਆਨ ਵਿਚ ਸਿੰਘ ਸਾਹਿਬ ਗਿਆਨੀ ਰਘਬੀਰ ਸਿੰਘ ਨੇ ਆਖਿਆ ਕਿ ਪਾਵਨ ਅਰਦਾਸ ਦਾ ਇਕ-ਇਕ ਸ਼ਬਦ ਸਿੱਖਾਂ ਲਈ ਪਵਿੱਤਰ ਦਰਜਾ ਰੱਖਦਾ ਹੈ ਅਤੇ ਗੁਰਬਾਣੀ ਦੇ ਫਲਸਫੇ ਦੀ ਸੇਧ ਵਿਚ ਨਿਓਟਿਆਂ ਦੀ ਓਟ ਅਤੇ ਨਿਤਾਣਿਆਂ ਦੇ ਤਾਣ ਸ਼ਬਦ ਕੇਵਲ ਗੁਰੂ ਸਾਹਿਬਾਨ ਅਤੇ ਅਕਾਲ ਪੁਰਖ ਦੇ ਪ੍ਰਥਾਇ ਵਰਤੇ ਜਾਂਦੇ ਹਨ ਪਰ ਇਕ ਵੀਡਿਓ ਕਲਿਪ ਉਨ੍ਹਾਂ ਦੇ ਧਿਆਨ ਵਿਚ ਆਈ ਹੈ ਜਿਸ ਵਿਚ ਆਮ ਆਦਮੀ ਪਾਰਟੀ ਦੇ ਵਿਧਾਇਕ ਕੁਲਵੰਤ ਸਿੰਘ ਪੰਡੋਰੀ ਵਲੋਂ ਨਿਤਾਣਿਆਂ ਦੇ ਤਾਣ ਤੇ ਨਿਓਟਿਆਂ ਦੀ ਓਟ ਸ਼ਬਦ ਅਰਵਿੰਦ ਕੇਜਰੀਵਾਲ ਤੇ ਭਗਵੰਤ ਮਾਨ ਦੀ ਖੁਸ਼ਾਮਦ ਵਿਚ ਬੋਲਿਆ ਗਿਆ ਹੈ, ਜੋ ਕਿ ਇਕ ਬੱਜਰ ਗਲਤੀ ਹੈ।View this post on InstagramA post shared by Shiromani Akali Dal (@shiromaniakalidal_)ਉਨ੍ਹਾਂ ਸਖਤ ਲਹਿਜੇ ਵਿਚ ਆਖਿਆ ਕਿ ਸਿਆਸੀ ਲੋਕ ਵਾਰ-ਵਾਰ ਤਾੜਨਾ ਕਰਨ ਦੇ ਬਾਵਜੂਦ ਗੁਰਬਾਣੀ ਤੇ ਸਿੱਖ ਸ਼ਰਧਾ ਦੇ ਸ਼ਬਦਾਂ ਦੀ ਸਿਆਸੀ ਖੁਸ਼ਾਮਦਾਂ ਲਈ ਦੁਰਵਰਤੋਂ ਕਰਕੇ ਸਿੱਖ ਭਾਵਨਾਵਾਂ ਨੂੰ ਠੇਸ ਪਹੁੰਚਾਉਣ ਤੋਂ ਬਾਜ਼ ਨਹੀਂ ਆ ਰਹੇ। ਉਨ੍ਹਾਂ ਕਿਹਾ ਕਿ ਕੁਲਵੰਤ ਸਿੰਘ ਪੰਡੋਰੀ ਵਲੋਂ ਅਰਦਾਸ ਦੇ ਸ਼ਬਦਾਂ ਦੀ ਬੇਅਦਬੀ ਕਰਨ ਦੀ ਵੀਡੀਓ ਦੇ ਮਾਮਲੇ ਵਿਚ ਉਹ ਪੜਤਾਲ ਕਰਵਾ ਰਹੇ ਹਨ ਅਤੇ ਦੋਸ਼ੀ ਪਾਏ ਜਾਣ ‘ਤੇ ਕੁਲਵੰਤ ਸਿੰਘ ਪੰਡੋਰੀ ਖਿਲਾਫ ਸਿੱਖ ਪਰੰਪਰਾਵਾਂ ਅਨੁਸਾਰ ਸਖਤ ਕਾਰਵਾਈ ਕੀਤੀ ਜਾਵੇਗੀ।- PTC NEWSJoin Whatsapp Channel",https://www.ptcnews.tv/news-in-punjabi/aap-mla-kulwant-singh-pandori-shamelessness-using-words-of-ardas-to-please-kejriwal-and-cm-mann-jathedar-sri-akal-takht-sahib-4390956,Punjabi Tribune,Edited by:KRISHAN KUMAR SHARMA
'ਨਰੇਂਦਰ ਮੋਦੀ ਵਾਪਸ ਜਾਓ' ਪੁਲਿਸ ਵੱਲੋਂ ਰੋਕੇ ਜਾਣ ਖਿਲਾਫ਼ ਕਿਸਾਨਾਂ-ਮਜ਼ਦੂਰਾਂ ਨੇ ਲਾਏ ਨਾਅਰੇ,"ਚੰਡੀਗੜ੍ਹ:ਕਿਸਾਨ-ਮਜ਼ਦੂਰ ਸੰਘਰਸ਼ ਕਮੇਟੀ ਪੰਜਾਬ ਦੇ ਸੂਬਾ ਪ੍ਰਧਾਨ ਸੁਖਵਿੰਦਰ ਸਿੰਘ ਸਭਰਾ ਦੀ ਅਗਵਾਈ ਵਿਚ ਵਿਸ਼ਾਲ ਕਾਫਲਾ ਪੰਜਾਬ ਫੇਰੀ ਦੌਰਾਨ ਜਲੰਧਰ ਆ ਰਹੇ ਪ੍ਰਧਾਨ ਮੰਤਰੀ ਮੋਦੀ (PM Modi) ਨੂੰ ਸੁਆਲ ਕਰਨ ਜਾ ਰਿਹਾ ਸੀ ਪਰ ਵਾਅਦਿਆਂ ਤੋਂ ਭਗੌੜੀ ਸਰਕਾਰ ਕਿਸਾਨਾਂ ਮਜ਼ਦੂਰਾਂ ਦੇ ਸੁਆਲਾਂ ਵੀ ਭੱਜ ਗਈ ਅਤੇ ਕਿਸਾਨਾਂ ਮਜ਼ਦੂਰਾਂ ਨੂੰ ਭਾਰੀ ਪੁਲਿਸ ਬਲ ਲਾ ਕੇ ਥਾਂ-ਥਾਂ 'ਤੇ ਰੋਕਿਆ ਗਿਆ। ਇਸ ਮੌਕੇ ਕਿਸਾਨਾਂ ਮਜ਼ਦੂਰਾਂ ਵੱਲੋਂ 'ਨਰੇਂਦਰ ਮੋਦੀ ਵਾਪਸ ਜਾਓ' ਦੇ ਨਾਅਰੇ ਲਗਾਏ ਗਏ।ਇਸ ਮੌਕੇ ਪ੍ਰੈੱਸ ਨਾਲ ਗੱਲਬਾਤ ਸਾਂਝੀ ਕਰਦਿਆਂ ਹੋਇਆ ਜਥੇਬੰਦੀ ਦੇ ਸੂਬਾ ਪ੍ਰਧਾਨ ਸੁਖਵਿੰਦਰ ਸਿੰਘ ਸਭਰਾ ਨੇ ਕਿਹਾ ਕਿ ਅੱਜ ਸ਼ੰਬੂ ਬਾਰਡਰ, ਖਨੌਰੀ ਬਾਰਡਰ ਸਮੇਤ ਦੂਜੇ ਬਾਰਡਰਾਂ ਤੇ ਲੱਗੇ ਧਰਨੇ ਨੂੰ 103 ਦਿਨ ਹੋ ਚੁੱਕੇ ਹਨ ਪਰ ਮੋਦੀ ਸਰਕਾਰ ਨੇ ਲੋਕਤੰਤਰ ਦਾ ਘਾਣ ਕੀਤਾ ਹੈ ਅਤੇ ਕਿਸਾਨਾਂ ਮਜਦੂਰਾਂ ਵੱਲ ਮਤਰੇਈ ਮਾਂ ਵਾਲਾ ਰਵੱਈਆ ਅਪਣਾ ਕੇ ਬੈਠੀ ਹੈ। ਉਨ੍ਹਾਂ ਕਿਹਾ ਕਿ ਸਰਕਾਰ ਦੇਸ਼ ਨੂੰ ਨਸ਼ਾ ਮੁਕਤ ਕਰੇ, ਮਜ਼ਦੂਰਾਂ ਨੂੰ 200 ਦਿਨ ਰੋਜ਼ਗਾਰ ਦੇਵੇ, ਮਜ਼ਦੂਰ ਨੂੰ 700 ਰੂ ਦਿਹਾੜੀ ਦੇਵੇ, ਬੇਰੁਜ਼ਗਾਰੀ ਦੂਰ ਕਰੇ, ਕਿਸਾਨਾਂ ਅਤੇ ਮਜ਼ਦੂਰਾਂ ਵਾਸਤੇ ਘੱਟੋ-ਘੱਟ 10 ਹਜ਼ਾਰ ਰੁਪਏ ਬੁਢਾਪਾ ਪੈਂਸ਼ਨ ਲਾਗੂ ਕਰੇ, ਫਸਲਾਂ ਦੇ ਲਾਹੇਵੰਦ ਭਾਅ ਦੇਵੇ, ਭਾਰਤ ਨੂੰ WTO ਦੀਆਂ ਨੀਤੀਆਂ ਤੋਂ ਬਾਹਰ ਕਰੇ, ਕਿਸਾਨਾਂ ਮਜ਼ਦੂਰਾਂ ਦੀਆਂ ਮੰਨੀਆਂ ਹੋਈਆਂ ਮੰਗਾਂ ਲਾਗੂ ਕਰੇ, ਦਿੱਲੀ ਅੰਦੋਲਨ ਦੇ ਸ਼ਹੀਦਾਂ ਨੂੰ ਇਨਸਾਫ਼ ਦੇਵੇ, ਅਬਾਦਕਾਰਾਂ ਨੂੰ ਪੱਕੇ ਮਾਲਕੀ ਹੱਕ ਦੇਵੇ, ਕਿਸਾਨਾਂ ਮਜ਼ਦੂਰਾਂ ਨੂੰ ਕਰਜ਼ਾ ਮੁਕਤ ਕਰੇ, ਡਾ. ਸਵਾਮੀਨਾਥਨ ਕਮਿਸ਼ਨ ਰਿਪੋਰਟ ਅਨੁਸਾਰ ਫਸਲਾਂ ਦੇ ਭਾਅ ਦੇਵੇ, ਲਖੀਮਪੁਰ ਖੀਰੀ ਮਾਮਲੇ ਤੇ ਇਨਸਾਫ਼ ਦੇਵੇ।ਇਸ ਮੌਕੇ ਹੋਰਨਾ ਤੋਂ ਇਲਾਵਾ ਪ੍ਰਧਾਨ ਸੁਖਵਿੰਦਰ ਸਿੰਘ ਸਭਰਾ ਅਤੇ ਸੂਬਾ ਆਗੂ ਸਲਵਿੰਦਰ ਸਿੰਘ ਜਾਣੀਆਂ, ਜ਼ਿਲ੍ਹਾ ਪ੍ਰਧਾਨ ਗੁਰਮੇਲ ਸਿੰਘ ਰੇੜਵਾਂ, ਜਗਦੀਸ਼ ਪਾਲ ਸਿੰਘ ਚੱਕ ਬਾਹਮਣੀਆਂ, ਸਰਵਣ ਸਿੰਘ ਬਾਉਪੁਰ, ਹਾਕਮ ਸਿੰਘ ਸ਼ਾਹਜਹਾਨਪੁਰ, ਪਰਮਜੀਤ ਸਿੰਘ ਪੱਕਾ ਕੋਠਾ, ਰਜਿੰਦਰ ਸਿੰਘ ਨੰਗਲ ਅੰਬੀਆਂ, ਜਰਨੈਲ ਸਿੰਘ ਰਾਮੇ, ਨਿਸ਼ਾਨ ਸਿੰਘ ਨਡਾਲਾ ਅਤੇ ਜਲੰਧਰ ਅਤੇ ਕਪੂਰਥਲਾ ਤੋਂ ਵੱਡੀ ਗਿਣਤੀ ਵਿੱਚ ਕਿਸਾਨ ਮਜ਼ਦੂਰ ਅਤੇ ਆਗੂ ਹਾਜ਼ਰ ਸਨ।- PTC NEWSJoin Whatsapp Channel",https://www.ptcnews.tv/news-in-punjabi/narendra-modi-go-back-slogans-raised-by-kisan-majdoor-against-stopped-by-police-for-rally-4391047,Punjabi Tribune,Edited by:KRISHAN KUMAR SHARMA
